{
  "elements" : {
    "nodes" : [ {
      "data" : {
        "SMILES" : "[H]C(=C([H])C([H])=C(C([H])([H])[H])C([H])([H])C([H])([H])C([H])=C(C([H])([H])[H])C([H])([H])C([H])([H])C([H])=C(C([H])([H])[H])C([H])([H])C([H])([H])C([H])=C(C([H])([H])[H])C([H])([H])[H])C([H])=C(C([H])([H])[H])C([H])([H])C([H])([H])C([H])=C(C([H])([H])[H])C([H])([H])C([H])([H])C([H])=C(C([H])([H])[H])C([H])([H])C([H])([H])C([H])=C(C([H])([H])[H])C([H])([H])[H]",
        "inSink" : 0,
        "isSource" : 0,
        "InChI" : "InChI=1S/C40H64/c1-33(2)19-13-23-37(7)27-17-31-39(9)29-15-25-35(5)21-11-12-22-36(6)26-16-30-40(10)32-18-28-38(8)24-14-20-34(3)4/h11-12,19-22,27-30H,13-18,23-26,31-32H2,1-10H3",
        "Names" : [ "None" ],
        "id" : "YVLPJIGOMTXXLP-UBXAGCRISA-N",
        "type" : "compound",
        "Rule ID" : null,
        "EC number" : null,
        "Reaction SMILES" : null,
        "Diameter" : null,
        "Score" : null,
        "Iteration" : null
      }
    }, {
      "data" : {
        "SMILES" : "[H]C(=C([H])C([H])=C(C([H])=C([H])C([H])=C(C([H])=C([H])C([H])=C(C([H])([H])[H])C([H])([H])C([H])([H])C([H])=C(C([H])([H])[H])C([H])([H])[H])C([H])([H])[H])C([H])([H])[H])C([H])=C(C([H])=C([H])C([H])=C(C([H])=C([H])C([H])=C(C([H])([H])[H])C([H])([H])C([H])([H])C([H])=C(C([H])([H])[H])C([H])([H])[H])C([H])([H])[H])C([H])([H])[H]",
        "inSink" : 0,
        "isSource" : 0,
        "InChI" : "InChI=1S/C40H56/c1-33(2)19-13-23-37(7)27-17-31-39(9)29-15-25-35(5)21-11-12-22-36(6)26-16-30-40(10)32-18-28-38(8)24-14-20-34(3)4/h11-12,15-22,25-32H,13-14,23-24H2,1-10H3",
        "Names" : [ "None" ],
        "id" : "OAIJSZIZWZSQBC-MOPYWNMMSA-N",
        "type" : "compound",
        "Rule ID" : null,
        "EC number" : null,
        "Reaction SMILES" : null,
        "Diameter" : null,
        "Score" : null,
        "Iteration" : null
      }
    }, {
      "data" : {
        "SMILES" : "[H]C(=C([H])C([H])=C(C([H])=C([H])C([H])=C(C([H])=C([H])C1=C(C([H])([H])[H])C([H])([H])C([H])([H])C([H])([H])C1(C([H])([H])[H])C([H])([H])[H])C([H])([H])[H])C([H])([H])[H])C([H])=C(C([H])=C([H])C([H])=C(C([H])=C([H])C([H])=C(C([H])([H])[H])C([H])([H])C([H])([H])C([H])=C(C([H])([H])[H])C([H])([H])[H])C([H])([H])[H])C([H])([H])[H]",
        "inSink" : 0,
        "isSource" : 0,
        "InChI" : "InChI=1S/C40H56/c1-32(2)18-13-21-35(5)24-15-26-36(6)25-14-22-33(3)19-11-12-20-34(4)23-16-27-37(7)29-30-39-38(8)28-17-31-40(39,9)10/h11-12,14-16,18-20,22-27,29-30H,13,17,21,28,31H2,1-10H3",
        "Names" : [ "None" ],
        "id" : "HRQKOYFGHJYEFS-JBLREUNQSA-N",
        "type" : "compound",
        "Rule ID" : null,
        "EC number" : null,
        "Reaction SMILES" : null,
        "Diameter" : null,
        "Score" : null,
        "Iteration" : null
      }
    }, {
      "data" : {
        "SMILES" : "[H]C(=C([H])C([H])=C(C([H])=C([H])C([H])=C(C([H])=C([H])C1=C(C([H])([H])[H])C([H])([H])C([H])([H])C([H])([H])C1(C([H])([H])[H])C([H])([H])[H])C([H])([H])[H])C([H])([H])[H])C([H])=C(C([H])=C([H])C([H])=C(C([H])=C([H])C1=C(C([H])([H])[H])C([H])([H])C([H])([H])C([H])([H])C1(C([H])([H])[H])C([H])([H])[H])C([H])([H])[H])C([H])([H])[H]",
        "inSink" : 0,
        "isSource" : 1,
        "InChI" : "InChI=1S/C40H56/c1-31(19-13-21-33(3)25-27-37-35(5)23-15-29-39(37,7)8)17-11-12-18-32(2)20-14-22-34(4)26-28-38-36(6)24-16-30-40(38,9)10/h11-14,17-22,25-28H,15-16,23-24,29-30H2,1-10H3",
        "Names" : [ "all-trans-beta-carotene" ],
        "id" : "OENHQHLEOONYIE-LZMNTPPDSA-N",
        "type" : "compound",
        "Rule ID" : null,
        "EC number" : null,
        "Reaction SMILES" : null,
        "Diameter" : null,
        "Score" : null,
        "Iteration" : null
      }
    }, {
      "data" : {
        "SMILES" : "[H]OP(=O)(O[H])OP(=O)(O[H])OC([H])([H])C([H])([H])C(=C([H])[H])C([H])([H])[H]",
        "inSink" : 1,
        "isSource" : 0,
        "InChI" : "InChI=1S/C5H12O7P2/c1-5(2)3-4-11-14(9,10)12-13(6,7)8/h1,3-4H2,2H3,(H,9,10)(H2,6,7,8)",
        "Names" : [ "MNXM83" ],
        "id" : "NUHSROFQTUXZQQ-UHFFFAOYSA-N",
        "type" : "compound",
        "Rule ID" : null,
        "EC number" : null,
        "Reaction SMILES" : null,
        "Diameter" : null,
        "Score" : null,
        "Iteration" : null
      }
    }, {
      "data" : {
        "SMILES" : "[H]OP(=O)(O[H])OP(=O)(O[H])OC([H])([H])C([H])=C(C([H])([H])[H])C([H])([H])C([H])([H])C([H])=C(C([H])([H])[H])C([H])([H])C([H])([H])C([H])=C(C([H])([H])[H])C([H])([H])C([H])([H])C([H])=C(C([H])([H])[H])C([H])([H])[H]",
        "inSink" : 0,
        "isSource" : 0,
        "InChI" : "InChI=1S/C20H36O7P2/c1-17(2)9-6-10-18(3)11-7-12-19(4)13-8-14-20(5)15-16-26-29(24,25)27-28(21,22)23/h9,11,13,15H,6-8,10,12,14,16H2,1-5H3,(H,24,25)(H2,21,22,23)",
        "Names" : [ "None" ],
        "id" : "OINNEUNVOZHBOX-XBQSVVNOSA-N",
        "type" : "compound",
        "Rule ID" : null,
        "EC number" : null,
        "Reaction SMILES" : null,
        "Diameter" : null,
        "Score" : null,
        "Iteration" : null
      }
    }, {
      "data" : {
        "SMILES" : "[H]OP(=O)(O[H])OP(=O)(O[H])OC([H])([H])C([H])=C(C([H])([H])[H])C([H])([H])C([H])([H])C([H])=C(C([H])([H])[H])C([H])([H])C([H])([H])C([H])=C(C([H])([H])[H])C([H])([H])[H]",
        "inSink" : 1,
        "isSource" : 0,
        "InChI" : "InChI=1S/C15H28O7P2/c1-13(2)7-5-8-14(3)9-6-10-15(4)11-12-21-24(19,20)22-23(16,17)18/h7,9,11H,5-6,8,10,12H2,1-4H3,(H,19,20)(H2,16,17,18)",
        "Names" : [ "(2E,6E)-farnesyl diphosphate", "MNXM34" ],
        "id" : "VWFJDQUYCIWHTN-FBXUGWQNSA-N",
        "type" : "compound",
        "Rule ID" : null,
        "EC number" : null,
        "Reaction SMILES" : null,
        "Diameter" : null,
        "Score" : null,
        "Iteration" : null
      }
    }, {
      "data" : {
        "SMILES" : null,
        "inSink" : null,
        "isSource" : null,
        "InChI" : null,
        "Names" : null,
        "id" : "TRS_0_0_0",
        "type" : "reaction",
        "Rule ID" : [ "MNXR15454_MNXM614", "MNXR16029_MNXM1048", "MNXR60336_MNXM2000" ],
        "EC number" : [ "5.5.1.19" ],
        "Reaction SMILES" : "[H]C(=C([H])C([H])=C(C([H])=C([H])C([H])=C(C([H])=C([H])C1=C(C([H])([H])[H])C([H])([H])C([H])([H])C([H])([H])C1(C([H])([H])[H])C([H])([H])[H])C([H])([H])[H])C([H])([H])[H])C([H])=C(C([H])=C([H])C([H])=C(C([H])=C([H])C1=C(C([H])([H])[H])C([H])([H])C([H])([H])C([H])([H])C1(C([H])([H])[H])C([H])([H])[H])C([H])([H])[H])C([H])([H])[H]>>[H]C(=C([H])C([H])=C(C([H])=C([H])C([H])=C(C([H])=C([H])C1=C(C([H])([H])[H])C([H])([H])C([H])([H])C([H])([H])C1(C([H])([H])[H])C([H])([H])[H])C([H])([H])[H])C([H])([H])[H])C([H])=C(C([H])=C([H])C([H])=C(C([H])=C([H])C([H])=C(C([H])([H])[H])C([H])([H])C([H])([H])C([H])=C(C([H])([H])[H])C([H])([H])[H])C([H])([H])[H])C([H])([H])[H]",
        "Diameter" : 12,
        "Score" : 1000.0,
        "Iteration" : 0
      }
    }, {
      "data" : {
        "SMILES" : null,
        "inSink" : null,
        "isSource" : null,
        "InChI" : null,
        "Names" : null,
        "id" : "TRS_0_1_0",
        "type" : "reaction",
        "Rule ID" : [ "MNXR15454_MNXM614", "MNXR16029_MNXM1048", "MNXR60336_MNXM2000" ],
        "EC number" : [ "5.5.1.19" ],
        "Reaction SMILES" : "[H]C(=C([H])C([H])=C(C([H])=C([H])C([H])=C(C([H])=C([H])C1=C(C([H])([H])[H])C([H])([H])C([H])([H])C([H])([H])C1(C([H])([H])[H])C([H])([H])[H])C([H])([H])[H])C([H])([H])[H])C([H])=C(C([H])=C([H])C([H])=C(C([H])=C([H])C([H])=C(C([H])([H])[H])C([H])([H])C([H])([H])C([H])=C(C([H])([H])[H])C([H])([H])[H])C([H])([H])[H])C([H])([H])[H]>>[H]C(=C([H])C([H])=C(C([H])=C([H])C([H])=C(C([H])=C([H])C([H])=C(C([H])([H])[H])C([H])([H])C([H])([H])C([H])=C(C([H])([H])[H])C([H])([H])[H])C([H])([H])[H])C([H])([H])[H])C([H])=C(C([H])=C([H])C([H])=C(C([H])=C([H])C([H])=C(C([H])([H])[H])C([H])([H])C([H])([H])C([H])=C(C([H])([H])[H])C([H])([H])[H])C([H])([H])[H])C([H])([H])[H]",
        "Diameter" : 12,
        "Score" : 1000.0,
        "Iteration" : 1
      }
    }, {
      "data" : {
        "SMILES" : null,
        "inSink" : null,
        "isSource" : null,
        "InChI" : null,
        "Names" : null,
        "id" : "TRS_0_2_0",
        "type" : "reaction",
        "Rule ID" : [ "MNXR26357_MNXM445" ],
        "EC number" : [ "1.3.99.31" ],
        "Reaction SMILES" : "[H]C(=C([H])C([H])=C(C([H])=C([H])C([H])=C(C([H])=C([H])C([H])=C(C([H])([H])[H])C([H])([H])C([H])([H])C([H])=C(C([H])([H])[H])C([H])([H])[H])C([H])([H])[H])C([H])([H])[H])C([H])=C(C([H])=C([H])C([H])=C(C([H])=C([H])C([H])=C(C([H])([H])[H])C([H])([H])C([H])([H])C([H])=C(C([H])([H])[H])C([H])([H])[H])C([H])([H])[H])C([H])([H])[H]>>[H]C(=C([H])C([H])=C(C([H])([H])[H])C([H])([H])C([H])([H])C([H])=C(C([H])([H])[H])C([H])([H])C([H])([H])C([H])=C(C([H])([H])[H])C([H])([H])C([H])([H])C([H])=C(C([H])([H])[H])C([H])([H])[H])C([H])=C(C([H])([H])[H])C([H])([H])C([H])([H])C([H])=C(C([H])([H])[H])C([H])([H])C([H])([H])C([H])=C(C([H])([H])[H])C([H])([H])C([H])([H])C([H])=C(C([H])([H])[H])C([H])([H])[H]",
        "Diameter" : 12,
        "Score" : 1000.0,
        "Iteration" : 2
      }
    }, {
      "data" : {
        "SMILES" : null,
        "inSink" : null,
        "isSource" : null,
        "InChI" : null,
        "Names" : null,
        "id" : "TRS_0_3_3",
        "type" : "reaction",
        "Rule ID" : [ "MNXR70495_MNXM557", "MNXR87812_MNXM557" ],
        "EC number" : [ "2.5.1.32" ],
        "Reaction SMILES" : "[H]C(=C([H])C([H])=C(C([H])([H])[H])C([H])([H])C([H])([H])C([H])=C(C([H])([H])[H])C([H])([H])C([H])([H])C([H])=C(C([H])([H])[H])C([H])([H])C([H])([H])C([H])=C(C([H])([H])[H])C([H])([H])[H])C([H])=C(C([H])([H])[H])C([H])([H])C([H])([H])C([H])=C(C([H])([H])[H])C([H])([H])C([H])([H])C([H])=C(C([H])([H])[H])C([H])([H])C([H])([H])C([H])=C(C([H])([H])[H])C([H])([H])[H]>>[H]OP(=O)(O[H])OP(=O)(O[H])OC([H])([H])C([H])=C(C([H])([H])[H])C([H])([H])C([H])([H])C([H])=C(C([H])([H])[H])C([H])([H])C([H])([H])C([H])=C(C([H])([H])[H])C([H])([H])C([H])([H])C([H])=C(C([H])([H])[H])C([H])([H])[H]",
        "Diameter" : 12,
        "Score" : 1000.0,
        "Iteration" : 3
      }
    }, {
      "data" : {
        "SMILES" : null,
        "inSink" : null,
        "isSource" : null,
        "InChI" : null,
        "Names" : null,
        "id" : "TRS_0_4_6",
        "type" : "reaction",
        "Rule ID" : [ "MNXR55435_MNXM139" ],
        "EC number" : [ "2.5.1.29" ],
        "Reaction SMILES" : "[H]OP(=O)(O[H])OP(=O)(O[H])OC([H])([H])C([H])=C(C([H])([H])[H])C([H])([H])C([H])([H])C([H])=C(C([H])([H])[H])C([H])([H])C([H])([H])C([H])=C(C([H])([H])[H])C([H])([H])C([H])([H])C([H])=C(C([H])([H])[H])C([H])([H])[H]>>[H]OP(=O)(O[H])OP(=O)(O[H])OC([H])([H])C([H])([H])C(=C([H])[H])C([H])([H])[H].[H]OP(=O)(O[H])OP(=O)(O[H])OC([H])([H])C([H])=C(C([H])([H])[H])C([H])([H])C([H])([H])C([H])=C(C([H])([H])[H])C([H])([H])C([H])([H])C([H])=C(C([H])([H])[H])C([H])([H])[H]",
        "Diameter" : 12,
        "Score" : 1000.0,
        "Iteration" : 4
      }
    } ],
    "edges" : [ {
      "data" : {
        "target" : "HRQKOYFGHJYEFS-JBLREUNQSA-N",
        "source" : "TRS_0_0_0",
        "id" : "HRQKOYFGHJYEFS-JBLREUNQSA-N_=>_TRS_0_0_0"
      }
    }, {
      "data" : {
        "target" : "NUHSROFQTUXZQQ-UHFFFAOYSA-N",
        "source" : "TRS_0_4_6",
        "id" : "NUHSROFQTUXZQQ-UHFFFAOYSA-N_=>_TRS_0_4_6"
      }
    }, {
      "data" : {
        "target" : "OAIJSZIZWZSQBC-MOPYWNMMSA-N",
        "source" : "TRS_0_1_0",
        "id" : "OAIJSZIZWZSQBC-MOPYWNMMSA-N_=>_TRS_0_1_0"
      }
    }, {
      "data" : {
        "target" : "OINNEUNVOZHBOX-XBQSVVNOSA-N",
        "source" : "TRS_0_3_3",
        "id" : "OINNEUNVOZHBOX-XBQSVVNOSA-N_=>_TRS_0_3_3"
      }
    }, {
      "data" : {
        "target" : "TRS_0_0_0",
        "source" : "OENHQHLEOONYIE-LZMNTPPDSA-N",
        "id" : "TRS_0_0_0_=>_OENHQHLEOONYIE-LZMNTPPDSA-N"
      }
    }, {
      "data" : {
        "target" : "TRS_0_1_0",
        "source" : "HRQKOYFGHJYEFS-JBLREUNQSA-N",
        "id" : "TRS_0_1_0_=>_HRQKOYFGHJYEFS-JBLREUNQSA-N"
      }
    }, {
      "data" : {
        "target" : "TRS_0_2_0",
        "source" : "OAIJSZIZWZSQBC-MOPYWNMMSA-N",
        "id" : "TRS_0_2_0_=>_OAIJSZIZWZSQBC-MOPYWNMMSA-N"
      }
    }, {
      "data" : {
        "target" : "TRS_0_3_3",
        "source" : "YVLPJIGOMTXXLP-UBXAGCRISA-N",
        "id" : "TRS_0_3_3_=>_YVLPJIGOMTXXLP-UBXAGCRISA-N"
      }
    }, {
      "data" : {
        "target" : "TRS_0_4_6",
        "source" : "OINNEUNVOZHBOX-XBQSVVNOSA-N",
        "id" : "TRS_0_4_6_=>_OINNEUNVOZHBOX-XBQSVVNOSA-N"
      }
    }, {
      "data" : {
        "target" : "VWFJDQUYCIWHTN-FBXUGWQNSA-N",
        "source" : "TRS_0_4_6",
        "id" : "VWFJDQUYCIWHTN-FBXUGWQNSA-N_=>_TRS_0_4_6"
      }
    }, {
      "data" : {
        "target" : "YVLPJIGOMTXXLP-UBXAGCRISA-N",
        "source" : "TRS_0_2_0",
        "id" : "YVLPJIGOMTXXLP-UBXAGCRISA-N_=>_TRS_0_2_0"
      }
    } ]
  }
}