<?xml version="1.0" encoding="UTF-8"?>
<config xmlns="http://www.knime.org/2008/09/XMLConfig" xmlns:xsi="http://www.w3.org/2001/XMLSchema-instance" xsi:schemaLocation="http://www.knime.org/2008/09/XMLConfig http://www.knime.org/XMLConfig_2008_09.xsd" key="settings.xml">
<entry key="name" type="xstring" value="Molecule to CDK"/>
<config key="model">
<entry key="colName" type="xstring" value="Col0"/>
<entry key="replaceColumn" type="xboolean" value="true"/>
<entry key="newColName" type="xstring" isnull="true" value=""/>
<entry key="generate2D" type="xboolean" value="true"/>
<entry key="force2D" type="xboolean" value="false"/>
<entry key="bondOrder" type="xboolean" value="false"/>
</config>
<entry key="hasContent" type="xboolean" value="true"/>
<entry key="isInactive" type="xboolean" value="false"/>
<config key="ports">
<config key="port_1">
<entry key="index" type="xint" value="1"/>
<entry key="port_spec_class" type="xstring" value="org.knime.core.data.DataTableSpec"/>
<entry key="port_object_class" type="xstring" value="org.knime.core.node.BufferedDataTable"/>
<entry key="port_object_summary" type="xstring" value="Rows: 28, Cols: 1"/>
<entry key="port_dir_location" type="xstring" value="port_1"/>
</config>
</config>
<config key="filestores">
<entry key="file_store_location" type="xstring" isnull="true" value=""/>
<entry key="file_store_id" type="xstring" value="4ddeaa83-c5c2-4270-a002-ff541e9da385"/>
</config>
</config>
