<?xml version="1.0" encoding="UTF-8"?>
<config xmlns="http://www.knime.org/2008/09/XMLConfig" xmlns:xsi="http://www.w3.org/2001/XMLSchema-instance" xsi:schemaLocation="http://www.knime.org/2008/09/XMLConfig http://www.knime.org/XMLConfig_2008_09.xsd" key="settings.xml">
<entry key="name" type="xstring" value="Prediction UCSC"/>
<config key="model">
<config key="jdbc.uri_Internals">
<entry key="SettingsModelID" type="xstring" value="SMID_string"/>
<entry key="EnabledStatus" type="xboolean" value="true"/>
</config>
<entry key="jdbc.uri" type="xstring" value="jdbc:mysql://localhost:3316/hg19"/>
<config key="jdbc.login_Internals">
<entry key="SettingsModelID" type="xstring" value="SMID_string"/>
<entry key="EnabledStatus" type="xboolean" value="true"/>
</config>
<entry key="jdbc.login" type="xstring" value="anonymous"/>
<config key="jdbc.password_Internals">
<entry key="SettingsModelID" type="xstring" value="SMID_string"/>
<entry key="EnabledStatus" type="xboolean" value="true"/>
</config>
<entry key="jdbc.password" type="xstring" value=""/>
<config key="vcf.ref.col_Internals">
<entry key="SettingsModelID" type="xstring" value="SMID_string"/>
<entry key="EnabledStatus" type="xboolean" value="true"/>
</config>
<config key="vcf.ref.col">
<entry key="useRowID" type="xboolean" value="false"/>
<entry key="columnName" type="xstring" value="REF"/>
</config>
<config key="vcf.alt.col_Internals">
<entry key="SettingsModelID" type="xstring" value="SMID_string"/>
<entry key="EnabledStatus" type="xboolean" value="true"/>
</config>
<config key="vcf.alt.col">
<entry key="useRowID" type="xboolean" value="false"/>
<entry key="columnName" type="xstring" value="ALT"/>
</config>
<config key="ref.genome_Internals">
<entry key="SettingsModelID" type="xstring" value="SMID_string"/>
<entry key="EnabledStatus" type="xboolean" value="true"/>
</config>
<entry key="ref.genome" type="xstring" value="/GENOTYPAGE/data/pubdb/ucsc/hg19/chromosomes/hg19.fa"/>
<config key="vcf.chrom.col_Internals">
<entry key="SettingsModelID" type="xstring" value="SMID_string"/>
<entry key="EnabledStatus" type="xboolean" value="true"/>
</config>
<config key="vcf.chrom.col">
<entry key="useRowID" type="xboolean" value="false"/>
<entry key="columnName" type="xstring" value="CHROM"/>
</config>
<config key="vcf.pos.col_Internals">
<entry key="SettingsModelID" type="xstring" value="SMID_string"/>
<entry key="EnabledStatus" type="xboolean" value="true"/>
</config>
<config key="vcf.pos.col">
<entry key="useRowID" type="xboolean" value="false"/>
<entry key="columnName" type="xstring" value="POS"/>
</config>
<config key="show.rna_Internals">
<entry key="SettingsModelID" type="xstring" value="SMID_boolean"/>
<entry key="EnabledStatus" type="xboolean" value="true"/>
</config>
<entry key="show.rna" type="xboolean" value="false"/>
</config>
<entry key="hasContent" type="xboolean" value="false"/>
<entry key="isInactive" type="xboolean" value="false"/>
<config key="ports">
<config key="port_1">
<entry key="index" type="xint" value="1"/>
<entry key="port_dir_location" type="xstring" isnull="true" value=""/>
</config>
</config>
</config>
