<?xml version="1.0" encoding="UTF-8"?>
<config xmlns="http://www.knime.org/2008/09/XMLConfig" xmlns:xsi="http://www.w3.org/2001/XMLSchema-instance" xsi:schemaLocation="http://www.knime.org/2008/09/XMLConfig http://www.knime.org/XMLConfig_2008_09.xsd" key="settings.xml">
<entry key="name" type="xstring" value="Java Snippet"/>
<config key="model">
<entry key="expression" type="xstring" value="/* Parses the SAM - value type field to extract mismatch string%%00010 * the string starts with MD:Z: and ends with a whitespace or non A-Z0-9%%00010 * character%%00010 */%%00010String valueType = $Split Value 2$;%%00010String out=&quot;&quot;;%%00010if(valueType.equals(null)){%%00010return null;%%00010}%%00010int idx = valueType.indexOf(&quot;MD:Z:&quot;);%%00010out = new Integer(idx).toString();%%00010if(idx&lt;0)return null;%%00010String outString = &quot;&quot;;%%00010out = valueType.substring(idx + 5);%%00010String [] outArr = out.split(&quot;[^A-Z0-9]&quot;);%%00010%%00010/*%%00010 * since mismatch string holds the bases from the reference sequence and we%%00010 * are interested in the mutation we have to substitute this...%%00010 */%%00010String mismatch = outArr[0];%%00010String[] chrs = mismatch.split(&quot;[0-9]+&quot;);%%00010String[] nums = mismatch.split(&quot;[A-Z]&quot;);%%00010int currPos = -1;%%00010for(int nNum=0;nNum&lt;nums.length;nNum++){%%00010   currPos += Integer.parseInt(nums[nNum]);%%00010   outString+=nums[nNum];%%00010   if(chrs.length&gt;nNum+1){%%00010      for(int k=0;k&lt;chrs[nNum+1].length();k++){%%00010         currPos++;%%00010         outString+= $query sequence$.substring(currPos,currPos+1);%%00010      }%%00010   }%%00010}%%00010%%00009%%00009%%00009%%00009%%00009%%00009%%00009%%00010%%00010return outString;"/>
<entry key="header" type="xstring" value=""/>
<entry key="replaced_column" type="xstring" value="mismatch cigar"/>
<entry key="append_column" type="xboolean" value="false"/>
<entry key="test_compilation_on_dialog_close" type="xboolean" value="true"/>
<entry key="insert_missing_as_null" type="xboolean" value="false"/>
<entry key="return_type" type="xstring" value="java.lang.String"/>
<entry key="is_array_return" type="xboolean" value="false"/>
<config key="java_libraries"/>
<entry key="expression_version" type="xint" value="2"/>
</config>
<entry key="hasContent" type="xboolean" value="true"/>
<entry key="isInactive" type="xboolean" value="false"/>
<config key="ports">
<config key="port_1">
<entry key="index" type="xint" value="1"/>
<entry key="port_spec_class" type="xstring" value="org.knime.core.data.DataTableSpec"/>
<entry key="port_object_class" type="xstring" value="org.knime.core.node.BufferedDataTable"/>
<entry key="port_object_summary" type="xstring" value="Rows: 2341, Cols: 17"/>
<entry key="port_dir_location" type="xstring" value="port_1"/>
</config>
</config>
</config>
