<?xml version="1.0" encoding="UTF-8"?>
<config xmlns="http://www.knime.org/2008/09/XMLConfig" xmlns:xsi="http://www.w3.org/2001/XMLSchema-instance" xsi:schemaLocation="http://www.knime.org/2008/09/XMLConfig http://www.knime.org/XMLConfig_2008_09.xsd" key="settings.xml">
<entry key="name" type="xstring" value="Display NCBI"/>
<config key="model">
<config key="ncbi.id.col_Internals">
<entry key="SettingsModelID" type="xstring" value="SMID_string"/>
<entry key="EnabledStatus" type="xboolean" value="true"/>
</config>
<config key="ncbi.id.col">
<entry key="useRowID" type="xboolean" value="false"/>
<entry key="columnName" type="xstring" value="ncbi.gene.id"/>
</config>
<config key="ncbi.db.col_Internals">
<entry key="SettingsModelID" type="xstring" value="SMID_string"/>
<entry key="EnabledStatus" type="xboolean" value="true"/>
</config>
<entry key="ncbi.db.col" type="xstring" value="gene"/>
</config>
<entry key="hasContent" type="xboolean" value="false"/>
<entry key="isInactive" type="xboolean" value="false"/>
<config key="ports"/>
</config>
