<?xml version="1.0" encoding="UTF-8"?>
<config xmlns="http://www.knime.org/2008/09/XMLConfig" xmlns:xsi="http://www.w3.org/2001/XMLSchema-instance" xsi:schemaLocation="http://www.knime.org/2008/09/XMLConfig http://www.knime.org/XMLConfig_2008_09.xsd" key="settings.xml">
<entry key="name" type="xstring" value="Joiner"/>
<config key="model">
<entry key="duplicateHandling" type="xstring" value="AppendSuffix"/>
<entry key="compositionMode" type="xstring" value="MatchAll"/>
<entry key="joinMode" type="xstring" value="LeftOuterJoin"/>
<config key="leftTableJoinPredicate">
<entry key="array-size" type="xint" value="1"/>
<entry key="0" type="xstring" value="Signature 3"/>
</config>
<config key="rightTableJoinPredicate">
<entry key="array-size" type="xint" value="1"/>
<entry key="0" type="xstring" value="s3"/>
</config>
<entry key="suffix" type="xstring" value="s3"/>
<config key="leftIncludeCols">
<entry key="array-size" type="xint" value="17"/>
<entry key="0" type="xstring" value="column1"/>
<entry key="1" type="xstring" value="CDK"/>
<entry key="2" type="xstring" value="CML"/>
<entry key="3" type="xstring" value="SMILES"/>
<entry key="4" type="xstring" value="CDK (H)"/>
<entry key="5" type="xstring" value="Signature 1"/>
<entry key="6" type="xstring" value="Signature 2"/>
<entry key="7" type="xstring" value="Signature 3"/>
<entry key="8" type="xstring" value="Signature 4"/>
<entry key="9" type="xstring" value="Signature 5"/>
<entry key="10" type="xstring" value="Signature 6"/>
<entry key="11" type="xstring" value="Mean(value)"/>
<entry key="12" type="xstring" value="Standard deviation(value)"/>
<entry key="13" type="xstring" value="Count*(value)"/>
<entry key="14" type="xstring" value="Mean(value)s2"/>
<entry key="15" type="xstring" value="Standard deviation(value)s2"/>
<entry key="16" type="xstring" value="Count*(value)s2"/>
</config>
<config key="rightIncludeCols">
<entry key="array-size" type="xint" value="3"/>
<entry key="0" type="xstring" value="Mean(value)"/>
<entry key="1" type="xstring" value="Standard deviation(value)"/>
<entry key="2" type="xstring" value="Count*(value)"/>
</config>
<entry key="leftIncludeAll" type="xboolean" value="true"/>
<entry key="rightIncludeAll" type="xboolean" value="false"/>
<entry key="rmLeftJoinCols" type="xboolean" value="false"/>
<entry key="rmRightJoinCols" type="xboolean" value="true"/>
<entry key="maxOpenFiles" type="xint" value="200"/>
<entry key="rowKeySeparator" type="xstring" value="_"/>
<entry key="enableHiLite" type="xboolean" value="false"/>
<entry key="numBitsInitial" type="xint" value="6"/>
<entry key="numBitsMaximal" type="xint" value="32"/>
<entry key="usedMemoryThreshold" type="xdouble" value="0.85"/>
<entry key="minAvailableMemory" type="xlong" value="10000000"/>
<entry key="memUseCollectionUsage" type="xboolean" value="true"/>
</config>
<entry key="hasContent" type="xboolean" value="false"/>
<entry key="isInactive" type="xboolean" value="false"/>
<config key="ports">
<config key="port_1">
<entry key="index" type="xint" value="1"/>
<entry key="port_dir_location" type="xstring" isnull="true" value=""/>
</config>
</config>
</config>
