<?xml version="1.0" encoding="UTF-8"?>
<config xmlns="http://www.knime.org/2008/09/XMLConfig" xmlns:xsi="http://www.w3.org/2001/XMLSchema-instance" xsi:schemaLocation="http://www.knime.org/2008/09/XMLConfig http://www.knime.org/XMLConfig_2008_09.xsd" key="settings.xml">
<entry key="name" type="xstring" value="External Tool"/>
<config key="model">
<entry key="Inputfile name" type="xstring" value="/Users/Shared/osra/blank.txt"/>
<entry key="Output filename" type="xstring" value="/Users/Shared/osra/KNIME.smi"/>
<entry key="PathToExtExec" type="xstring" value="/usr/local/bin/osra"/>
<entry key="ExtExecWorkDir" type="xstring" value="/Users/Shared/osra"/>
<entry key="ExtExecArgs" type="xstring" value="-w KNIME.smi -r 150 -o KNIME -f can /Users/Shared/osra/test.pdf"/>
<entry key="Inputfile separator" type="xstring" value=","/>
<entry key="Outputfile separator" type="xstring" value=","/>
<entry key="IncludeColHdr" type="xboolean" value="false"/>
<entry key="IncludeRowHdr" type="xboolean" value="false"/>
<entry key="ContainsColHdr" type="xboolean" value="false"/>
<entry key="ContainsRowHdr" type="xboolean" value="false"/>
</config>
<config key="variables">
<config key="ExtExecWorkDir">
<entry key="used_variable" type="xstring" value="basedir"/>
<entry key="exposed_variable" type="xstring" isnull="true" value=""/>
</config>
<config key="ExtExecArgs">
<entry key="used_variable" type="xstring" value="cmd"/>
<entry key="exposed_variable" type="xstring" isnull="true" value=""/>
</config>
</config>
<entry key="hasContent" type="xboolean" value="true"/>
<entry key="isInactive" type="xboolean" value="false"/>
<config key="ports">
<config key="port_1">
<entry key="index" type="xint" value="1"/>
<entry key="port_spec_class" type="xstring" value="org.knime.core.data.DataTableSpec"/>
<entry key="port_object_class" type="xstring" value="org.knime.core.node.BufferedDataTable"/>
<entry key="port_object_summary" type="xstring" value="Rows: 28, Cols: 1"/>
<entry key="port_dir_location" type="xstring" value="port_1"/>
</config>
</config>
<config key="filestores">
<entry key="file_store_location" type="xstring" isnull="true" value=""/>
<entry key="file_store_id" type="xstring" value="79dee11c-be67-4ff4-8923-6c3e87820a1d"/>
</config>
</config>
