<?xml version="1.0" encoding="UTF-8"?>
<config xmlns="http://www.knime.org/2008/09/XMLConfig" xmlns:xsi="http://www.w3.org/2001/XMLSchema-instance" xsi:schemaLocation="http://www.knime.org/2008/09/XMLConfig http://www.knime.org/XMLConfig_2008_09.xsd" key="settings.xml">
<entry key="name" type="xstring" value="Numeric Row Splitter"/>
<config key="model">
<config key="column_selection_Internals">
<entry key="SettingsModelID" type="xstring" value="SMID_string"/>
<entry key="EnabledStatus" type="xboolean" value="true"/>
</config>
<entry key="column_selection" type="xstring" value="QUAL"/>
<config key="lower_bound_Internals">
<entry key="SettingsModelID" type="xstring" value="SMID_string"/>
<entry key="EnabledStatus" type="xboolean" value="true"/>
</config>
<entry key="lower_bound" type="xstring" value="&gt;="/>
<config key="lower_bound_defined_Internals">
<entry key="SettingsModelID" type="xstring" value="SMID_boolean"/>
<entry key="EnabledStatus" type="xboolean" value="true"/>
</config>
<entry key="lower_bound_defined" type="xboolean" value="true"/>
<config key="lower_bound_value_Internals">
<entry key="SettingsModelID" type="xstring" value="SMID_double"/>
<entry key="EnabledStatus" type="xboolean" value="true"/>
</config>
<entry key="lower_bound_value" type="xdouble" value="50.0"/>
<config key="upper_bound_Internals">
<entry key="SettingsModelID" type="xstring" value="SMID_string"/>
<entry key="EnabledStatus" type="xboolean" value="false"/>
</config>
<entry key="upper_bound" type="xstring" value="&lt;="/>
<config key="upper_bound_defined_Internals">
<entry key="SettingsModelID" type="xstring" value="SMID_boolean"/>
<entry key="EnabledStatus" type="xboolean" value="true"/>
</config>
<entry key="upper_bound_defined" type="xboolean" value="false"/>
<config key="upper_bound_value_Internals">
<entry key="SettingsModelID" type="xstring" value="SMID_double"/>
<entry key="EnabledStatus" type="xboolean" value="false"/>
</config>
<entry key="upper_bound_value" type="xdouble" value="1.0"/>
</config>
<entry key="hasContent" type="xboolean" value="false"/>
<entry key="isInactive" type="xboolean" value="false"/>
<config key="ports">
<config key="port_1">
<entry key="index" type="xint" value="1"/>
<entry key="port_dir_location" type="xstring" isnull="true" value=""/>
</config>
<config key="port_2">
<entry key="index" type="xint" value="2"/>
<entry key="port_dir_location" type="xstring" isnull="true" value=""/>
</config>
</config>
</config>
