<?xml version="1.0" encoding="UTF-8"?>
<config xmlns="http://www.knime.org/2008/09/XMLConfig" xmlns:xsi="http://www.w3.org/2001/XMLSchema-instance" xsi:schemaLocation="http://www.knime.org/2008/09/XMLConfig http://www.knime.org/XMLConfig_2008_09.xsd" key="settings.xml">
<entry key="name" type="xstring" value="String Manipulation"/>
<config key="model">
<entry key="expression" type="xstring" value="replace($ligand$,&quot;/tmp/GlamDock_Demo_final_2/Run_0/in/Exp_ERa_1xpc_minimized_&quot; ,&quot;&quot; )%%00010%%00010"/>
<entry key="replaced_column" type="xstring" value="Molecule row index"/>
<entry key="append_column" type="xboolean" value="false"/>
<entry key="test_compilation_on_dialog_close" type="xboolean" value="true"/>
<entry key="insert_missing_as_null" type="xboolean" value="false"/>
<entry key="return_type" type="xstring" value="java.lang.String"/>
</config>
<entry key="hasContent" type="xboolean" value="true"/>
<entry key="isInactive" type="xboolean" value="false"/>
<config key="ports">
<config key="port_1">
<entry key="index" type="xint" value="1"/>
<entry key="port_spec_class" type="xstring" value="org.knime.core.data.DataTableSpec"/>
<entry key="port_object_class" type="xstring" value="org.knime.core.node.BufferedDataTable"/>
<entry key="port_object_summary" type="xstring" value="Rows: 2435, Cols: 40"/>
<entry key="port_dir_location" type="xstring" value="port_1"/>
</config>
</config>
</config>
