<?xml version="1.0" encoding="UTF-8"?>
<config xmlns="http://www.knime.org/2008/09/XMLConfig" xmlns:xsi="http://www.w3.org/2001/XMLSchema-instance" xsi:schemaLocation="http://www.knime.org/2008/09/XMLConfig http://www.knime.org/XMLConfig_2008_09.xsd" key="settings.xml">
<entry key="name" type="xstring" value="Table Creator"/>
<config key="model">
<config key="rowIndices">
<entry key="array-size" type="xint" value="21"/>
<entry key="0" type="xint" value="0"/>
<entry key="1" type="xint" value="0"/>
<entry key="2" type="xint" value="0"/>
<entry key="3" type="xint" value="1"/>
<entry key="4" type="xint" value="1"/>
<entry key="5" type="xint" value="1"/>
<entry key="6" type="xint" value="2"/>
<entry key="7" type="xint" value="2"/>
<entry key="8" type="xint" value="2"/>
<entry key="9" type="xint" value="3"/>
<entry key="10" type="xint" value="3"/>
<entry key="11" type="xint" value="3"/>
<entry key="12" type="xint" value="4"/>
<entry key="13" type="xint" value="4"/>
<entry key="14" type="xint" value="4"/>
<entry key="15" type="xint" value="5"/>
<entry key="16" type="xint" value="5"/>
<entry key="17" type="xint" value="5"/>
<entry key="18" type="xint" value="6"/>
<entry key="19" type="xint" value="6"/>
<entry key="20" type="xint" value="6"/>
</config>
<config key="columnIndices">
<entry key="array-size" type="xint" value="21"/>
<entry key="0" type="xint" value="0"/>
<entry key="1" type="xint" value="1"/>
<entry key="2" type="xint" value="2"/>
<entry key="3" type="xint" value="0"/>
<entry key="4" type="xint" value="1"/>
<entry key="5" type="xint" value="2"/>
<entry key="6" type="xint" value="0"/>
<entry key="7" type="xint" value="1"/>
<entry key="8" type="xint" value="2"/>
<entry key="9" type="xint" value="0"/>
<entry key="10" type="xint" value="1"/>
<entry key="11" type="xint" value="2"/>
<entry key="12" type="xint" value="0"/>
<entry key="13" type="xint" value="1"/>
<entry key="14" type="xint" value="2"/>
<entry key="15" type="xint" value="0"/>
<entry key="16" type="xint" value="1"/>
<entry key="17" type="xint" value="2"/>
<entry key="18" type="xint" value="0"/>
<entry key="19" type="xint" value="1"/>
<entry key="20" type="xint" value="2"/>
</config>
<config key="values">
<entry key="array-size" type="xint" value="21"/>
<entry key="0" type="xstring" value="alkyl"/>
<entry key="1" type="xstring" value="methyl - chloro"/>
<entry key="2" type="xstring" value="[*:1][CH3:2]&gt;&gt;[*:1][Cl:2]"/>
<entry key="3" type="xstring" value="ether"/>
<entry key="4" type="xstring" value="ether - thioether"/>
<entry key="5" type="xstring" value="[*:1][O:2][*:3]&gt;&gt;[*:1][S:2][*:3]"/>
<entry key="6" type="xstring" value="carb acid"/>
<entry key="7" type="xstring" value="carb acid - sulfonic acid"/>
<entry key="8" type="xstring" value="[*:1][C:2]([OH])=O&gt;&gt;[*:1][S:2]([OH])(=O)=O"/>
<entry key="9" type="xstring" value="carb acid"/>
<entry key="10" type="xstring" value="carb acid - tetrazole"/>
<entry key="11" type="xstring" value="[*:1][C:2]([OH])=O&gt;&gt;[*:1][C:2]1=NNN=N1"/>
<entry key="12" type="xstring" value="piperidine"/>
<entry key="13" type="xstring" value="piperidine - 1-methylpiperazine"/>
<entry key="14" type="xstring" value="[*:1][N:2]1CCCCC1&gt;&gt;[*:1][N:2]2CCN(C)CC2"/>
<entry key="15" type="xstring" value="phenyl"/>
<entry key="16" type="xstring" value="phenyl - thiophene"/>
<entry key="17" type="xstring" value="[*:1][C:2]1=CC=CC=C1&gt;&gt;[*:1][C:2]2=CC=CS2"/>
<entry key="18" type="xstring" value="phenyl"/>
<entry key="19" type="xstring" value="phenyl(arom) - thiophene"/>
<entry key="20" type="xstring" value="[*:1][c:2]1ccccc1&gt;&gt;[*:1][C:2]2=CC=CS2"/>
</config>
<entry key="rowIdPrefix" type="xstring" value="Row"/>
<entry key="rowIdSuffix" type="xstring" value=""/>
<entry key="rowIdStartValue" type="xint" value="1"/>
<entry key="highlightOutputTable" type="xboolean" value="false"/>
<config key="columnProperties">
<config key="0">
<entry key="UserSetValues" type="xboolean" value="true"/>
<entry key="MissValuePattern" type="xstring" value=""/>
<entry key="ReadPossValsFromFile" type="xboolean" value="false"/>
<entry key="SkipThisColumn" type="xboolean" value="false"/>
<entry key="ColumnName" type="xstring" value="functional group"/>
<config key="ColumnClass">
<entry key="cell_class" type="xstring" value="org.knime.core.data.def.StringCell"/>
<entry key="is_null" type="xboolean" value="false"/>
</config>
</config>
<config key="1">
<entry key="UserSetValues" type="xboolean" value="true"/>
<entry key="MissValuePattern" type="xstring" value=""/>
<entry key="ReadPossValsFromFile" type="xboolean" value="false"/>
<entry key="SkipThisColumn" type="xboolean" value="false"/>
<entry key="ColumnName" type="xstring" value="transform"/>
<config key="ColumnClass">
<entry key="cell_class" type="xstring" value="org.knime.core.data.def.StringCell"/>
<entry key="is_null" type="xboolean" value="false"/>
</config>
</config>
<config key="2">
<entry key="UserSetValues" type="xboolean" value="true"/>
<entry key="MissValuePattern" type="xstring" value=""/>
<entry key="ReadPossValsFromFile" type="xboolean" value="false"/>
<entry key="SkipThisColumn" type="xboolean" value="false"/>
<entry key="ColumnName" type="xstring" value="smarts"/>
<config key="ColumnClass">
<entry key="cell_class" type="xstring" value="org.knime.core.data.def.StringCell"/>
<entry key="is_null" type="xboolean" value="false"/>
</config>
</config>
</config>
</config>
<entry key="hasContent" type="xboolean" value="true"/>
<entry key="isInactive" type="xboolean" value="false"/>
<config key="ports">
<config key="port_1">
<entry key="index" type="xint" value="1"/>
<entry key="port_spec_class" type="xstring" value="org.knime.core.data.DataTableSpec"/>
<entry key="port_object_class" type="xstring" value="org.knime.core.node.BufferedDataTable"/>
<entry key="port_object_summary" type="xstring" value="Rows: 7, Cols: 3"/>
<entry key="port_dir_location" type="xstring" value="port_1"/>
</config>
</config>
</config>
