<?xml version="1.0" encoding="UTF-8"?>
<config xmlns="http://www.knime.org/2008/09/XMLConfig" xmlns:xsi="http://www.w3.org/2001/XMLSchema-instance" xsi:schemaLocation="http://www.knime.org/2008/09/XMLConfig http://www.knime.org/XMLConfig_2008_09.xsd" key="settings.xml">
<entry key="name" type="xstring" value="Java Snippet"/>
<config key="model">
<entry key="expression" type="xstring" value="String [] strArr = $count$.split(&quot; &quot;);%%00010int len = strArr.length;%%00010Integer [] countArr = new Integer[len];%%00010int max = 0;%%00010for(int i=0; i&lt;len; i++){%%00010%%00009countArr[i] = Integer.parseInt(strArr[i]);%%00010%%00009if(max&lt;countArr[i]) {max=countArr[i];}%%00010}%%00010return(max);"/>
<entry key="header" type="xstring" value=""/>
<entry key="replaced_column" type="xstring" value="max_count"/>
<entry key="append_column" type="xboolean" value="false"/>
<entry key="test_compilation_on_dialog_close" type="xboolean" value="true"/>
<entry key="insert_missing_as_null" type="xboolean" value="false"/>
<entry key="return_type" type="xstring" value="java.lang.Integer"/>
<entry key="is_array_return" type="xboolean" value="false"/>
<config key="java_libraries"/>
<entry key="expression_version" type="xint" value="2"/>
</config>
<entry key="hasContent" type="xboolean" value="true"/>
<entry key="isInactive" type="xboolean" value="false"/>
<config key="ports">
<config key="port_1">
<entry key="index" type="xint" value="1"/>
<entry key="port_spec_class" type="xstring" value="org.knime.core.data.DataTableSpec"/>
<entry key="port_object_class" type="xstring" value="org.knime.core.node.BufferedDataTable"/>
<entry key="port_object_summary" type="xstring" value="Rows: 2318, Cols: 6"/>
<entry key="port_dir_location" type="xstring" value="port_1"/>
</config>
</config>
</config>
