<?xml version="1.0" encoding="UTF-8"?>
<config xmlns="http://www.knime.org/2008/09/XMLConfig" xmlns:xsi="http://www.w3.org/2001/XMLSchema-instance" xsi:schemaLocation="http://www.knime.org/2008/09/XMLConfig http://www.knime.org/XMLConfig_2008_09.xsd" key="settings.xml">
<entry key="name" type="xstring" value="Python Snippet"/>
<config key="model">
<config key="node.script_Internals">
<entry key="SettingsModelID" type="xstring" value="SMID_string"/>
<entry key="EnabledStatus" type="xboolean" value="true"/>
</config>
<entry key="node.script" type="xstring" value="%%00013%%00010pyOut = {}     # both are assumed to be dictionaries%%00013%%00010c = sum([len(i) for i in kIn.values() ])%%00013%%00010%%00013%%00010for key in kIn.keys():%%00013%%00010%%00009for x in range(0  , c):%%00013%%00010%%00009%%00009pyOut[x]= dict(enumerate(kIn[key][x]))%%00013%%00010%%00009%%00013%%00010%%00009"/>
<config key="node.template_Internals">
<entry key="SettingsModelID" type="xstring" value="SMID_string"/>
<entry key="EnabledStatus" type="xboolean" value="true"/>
</config>
<entry key="node.template" type="xstring" value=""/>
</config>
<entry key="hasContent" type="xboolean" value="true"/>
<entry key="isInactive" type="xboolean" value="false"/>
<config key="ports">
<config key="port_1">
<entry key="index" type="xint" value="1"/>
<entry key="port_spec_class" type="xstring" value="org.knime.core.data.DataTableSpec"/>
<entry key="port_object_class" type="xstring" value="org.knime.core.node.BufferedDataTable"/>
<entry key="port_object_summary" type="xstring" value="Rows: 1024, Cols: 2514"/>
<entry key="port_dir_location" type="xstring" value="port_1"/>
</config>
</config>
</config>
