<?xml version="1.0" encoding="UTF-8"?>
<config xmlns="http://www.knime.org/2008/09/XMLConfig" xmlns:xsi="http://www.w3.org/2001/XMLSchema-instance" xsi:schemaLocation="http://www.knime.org/2008/09/XMLConfig http://www.knime.org/XMLConfig_2008_09.xsd" key="settings.xml">
<entry key="name" type="xstring" value="Splitter"/>
<config key="model">
<config key="top">
<entry key="array-size" type="xint" value="39"/>
<entry key="0" type="xstring" value="hBond"/>
<entry key="1" type="xstring" value="hBondBumps"/>
<entry key="2" type="xstring" value="lipo"/>
<entry key="3" type="xstring" value="lipoBumps"/>
<entry key="4" type="xstring" value="metal"/>
<entry key="5" type="xstring" value="metalBumps"/>
<entry key="6" type="xstring" value="noneBumps"/>
<entry key="7" type="xstring" value="best_rmsd"/>
<entry key="8" type="xstring" value="best_rmsd_fitness"/>
<entry key="9" type="xstring" value="best_rmsd_top5"/>
<entry key="10" type="xstring" value="chill_internal_index"/>
<entry key="11" type="xstring" value="ligand"/>
<entry key="12" type="xstring" value="minimized"/>
<entry key="13" type="xstring" value="outFile"/>
<entry key="14" type="xstring" value="postmin"/>
<entry key="15" type="xstring" value="protein"/>
<entry key="16" type="xstring" value="ref_fitness"/>
<entry key="17" type="xstring" value="reference"/>
<entry key="18" type="xstring" value="resID"/>
<entry key="19" type="xstring" value="resultID"/>
<entry key="20" type="xstring" value="rmsd"/>
<entry key="21" type="xstring" value="rmsd_coverage1"/>
<entry key="22" type="xstring" value="rmsd_coverage2"/>
<entry key="23" type="xstring" value="rmsd_coverage_max"/>
<entry key="24" type="xstring" value="rmsd_coverage_min"/>
<entry key="25" type="xstring" value="rmsd_mappingCount"/>
<entry key="26" type="xstring" value="rmsd_mappingSize"/>
<entry key="27" type="xstring" value="rmsd_size1"/>
<entry key="28" type="xstring" value="rmsd_size2"/>
<entry key="29" type="xstring" value="sitePenalty_lig"/>
<entry key="30" type="xstring" value="time"/>
<entry key="31" type="xstring" value="unweightedHBond"/>
<entry key="32" type="xstring" value="unweightedHBondBumps"/>
<entry key="33" type="xstring" value="unweightedLipo"/>
<entry key="34" type="xstring" value="unweightedLipoBumps"/>
<entry key="35" type="xstring" value="unweightedMetal"/>
<entry key="36" type="xstring" value="unweightedMetalBumps"/>
<entry key="37" type="xstring" value="unweightedNoneBumps"/>
<entry key="38" type="xstring" value="Molecule row index"/>
</config>
<config key="bottom">
<entry key="array-size" type="xint" value="2"/>
<entry key="0" type="xstring" value="fitness"/>
<entry key="1" type="xstring" value="New Molecule Row Index"/>
</config>
</config>
<entry key="hasContent" type="xboolean" value="true"/>
<entry key="isInactive" type="xboolean" value="false"/>
<config key="ports">
<config key="port_1">
<entry key="index" type="xint" value="1"/>
<entry key="port_spec_class" type="xstring" value="org.knime.core.data.DataTableSpec"/>
<entry key="port_object_class" type="xstring" value="org.knime.core.node.BufferedDataTable"/>
<entry key="port_object_summary" type="xstring" value="Rows: 2435, Cols: 39"/>
<entry key="port_dir_location" type="xstring" value="port_1"/>
</config>
<config key="port_2">
<entry key="index" type="xint" value="2"/>
<entry key="port_spec_class" type="xstring" value="org.knime.core.data.DataTableSpec"/>
<entry key="port_object_class" type="xstring" value="org.knime.core.node.BufferedDataTable"/>
<entry key="port_object_summary" type="xstring" value="Rows: 2435, Cols: 2"/>
<entry key="port_dir_location" type="xstring" value="port_2"/>
</config>
</config>
</config>
