{
  "elements": {
    "nodes": [
      {
        "data": {
          "SMILES": "[H][N]=[C]([O][H])[C]1=[C]([H])[N]([C]2([H])[O][C]([H])([C]([H])([H])[O][P](=[O])([O][H])[O][P](=[O])([O][H])[O][C]([H])([H])[C]3([H])[O][C]([H])([n]4[c]([H])[n][c]5[c]([N]([H])[H])[n][c]([H])[n][c]54)[C]([H])([O][P](=[O])([O][H])[O][H])[C]3([H])[O][H])[C]([H])([O][H])[C]2([H])[O][H])[C]([H])=[C]([H])[C]1([H])[H]",
          "inSink": 1,
          "isSource": 0,
          "InChI": "InChI=1S/C21H30N7O17P3/c22-17-12-19(25-7-24-17)28(8-26-12)21-16(44-46(33,34)35)14(30)11(43-21)6-41-48(38,39)45-47(36,37)40-5-10-13(29)15(31)20(42-10)27-3-1-2-9(4-27)18(23)32/h1,3-4,7-8,10-11,13-16,20-21,29-31H,2,5-6H2,(H2,23,32)(H,36,37)(H,38,39)(H2,22,24,25)(H2,33,34,35)",
          "Names": [
            "ACFIXJIJDZMPPO-UHFFFAOYSA-N"
          ],
          "id": "ACFIXJIJDZMPPO-UHFFFAOYSA-N",
          "type": "compound",
          "Rule ID": null,
          "EC number": null,
          "Reaction SMILES": null,
          "Diameter": null,
          "Score": null,
          "Iteration": null
        }
      },
      {
        "data": {
          "SMILES": "[H][O][C]([H])([H])[C]([H])=[O]",
          "inSink": 1,
          "isSource": 0,
          "InChI": "InChI=1S/C2H4O2/c3-1-2-4/h1,4H,2H2",
          "Names": [
            "WGCNASOHLSPBMP-UHFFFAOYSA-N"
          ],
          "id": "WGCNASOHLSPBMP-UHFFFAOYSA-N",
          "type": "compound",
          "Rule ID": null,
          "EC number": null,
          "Reaction SMILES": null,
          "Diameter": null,
          "Score": null,
          "Iteration": null
        }
      },
      {
        "data": {
          "SMILES": "[H+]",
          "inSink": 1,
          "isSource": 0,
          "InChI": "InChI=1S/p+1",
          "Names": [
            "GPRLSGONYQIRFK-UHFFFAOYSA-N"
          ],
          "id": "GPRLSGONYQIRFK-UHFFFAOYSA-N",
          "type": "compound",
          "Rule ID": null,
          "EC number": null,
          "Reaction SMILES": null,
          "Diameter": null,
          "Score": null,
          "Iteration": null
        }
      },
      {
        "data": {
          "SMILES": "[H][O][C]([H])([H])[C]([H])([H])[O][H]",
          "inSink": 0,
          "isSource": 1,
          "InChI": "InChI=1S/C2H6O2/c3-1-2-4/h3-4H,1-2H2",
          "Names": [
            "Ethylene",
            "LYCAIKOWRPUZTN-UHFFFAOYSA-N"
          ],
          "id": "LYCAIKOWRPUZTN-UHFFFAOYSA-N",
          "type": "compound",
          "Rule ID": null,
          "EC number": null,
          "Reaction SMILES": null,
          "Diameter": null,
          "Score": null,
          "Iteration": null
        }
      },
      {
        "data": {
          "SMILES": null,
          "inSink": null,
          "isSource": null,
          "InChI": null,
          "Names": null,
          "id": "LYCAIKOWRPUZTN-UHFFFAOYSA-N-MNXR77370_MNXM3270-0-1",
          "type": "reaction",
          "Rule ID": [
            "MNXR77370_MNXM3270"
          ],
          "EC number": [
            "1.1.1.2"
          ],
          "Reaction SMILES": "([#1:1]-[#8:2]-[#6:3](-[#1:4])(-[#6:6](-[#1:7])(-[#8:9]-[#1:10])-[#1:8])-[#1:5])>>([#1&+:10].[#1:1]-[#8:2]-[#6:3](-[#1:4])(-[#6:6](-[#1:8])=[#8:9])-[#1:5].[#1]-[#7]=[#6](-[#8]-[#1])-[#6]1=[#6](-[#1])-[#7](-[#6](-[#1])=[#6](-[#1])-[#6]-1(-[#1])-[#1:7])-[#6]1(-[#1])-[#8]-[#6](-[#1])(-[#6](-[#1])(-[#1])-[#8]-[#15](=[#8])(-[#8]-[#1])-[#8]-[#15](=[#8])(-[#8]-[#1])-[#8]-[#6](-[#1])(-[#1])-[#6]2(-[#6](-[#6](-[#1])(-[#8]-[#15](=[#8])(-[#8]-[#1])-[#8]-[#1])-[#6](-[#8]-2)(-[#1])-[#7]2:[#6]3:[#7]:[#6](:[#7]:[#6](-[#7](-[#1])-[#1]):[#6]:3:[#7]:[#6]:2-[#1])-[#1])(-[#1])-[#8]-[#1])-[#1])-[#6](-[#1])(-[#8]-[#1])-[#6]-1(-[#1])-[#8]-[#1])",
          "Diameter": 12,
          "Score": 0.030303030303030304,
          "ChemicalScore": 0.6762447939650068,
          "Iteration": 1
        }
      }
    ],
    "edges": [
      {
        "data": {
          "target": "LYCAIKOWRPUZTN-UHFFFAOYSA-N-MNXR77370_MNXM3270-0-1",
          "source": "LYCAIKOWRPUZTN-UHFFFAOYSA-N",
          "id": "LYCAIKOWRPUZTN-UHFFFAOYSA-N-MNXR77370_MNXM3270-0-1_=>_LYCAIKOWRPUZTN-UHFFFAOYSA-N"
        }
      },
      {
        "data": {
          "target": "GPRLSGONYQIRFK-UHFFFAOYSA-N",
          "source": "LYCAIKOWRPUZTN-UHFFFAOYSA-N-MNXR77370_MNXM3270-0-1",
          "id": "GPRLSGONYQIRFK-UHFFFAOYSA-N_=>_LYCAIKOWRPUZTN-UHFFFAOYSA-N-MNXR77370_MNXM3270-0-1"
        }
      },
      {
        "data": {
          "target": "WGCNASOHLSPBMP-UHFFFAOYSA-N",
          "source": "LYCAIKOWRPUZTN-UHFFFAOYSA-N-MNXR77370_MNXM3270-0-1",
          "id": "WGCNASOHLSPBMP-UHFFFAOYSA-N_=>_LYCAIKOWRPUZTN-UHFFFAOYSA-N-MNXR77370_MNXM3270-0-1"
        }
      },
      {
        "data": {
          "target": "ACFIXJIJDZMPPO-UHFFFAOYSA-N",
          "source": "LYCAIKOWRPUZTN-UHFFFAOYSA-N-MNXR77370_MNXM3270-0-1",
          "id": "ACFIXJIJDZMPPO-UHFFFAOYSA-N_=>_LYCAIKOWRPUZTN-UHFFFAOYSA-N-MNXR77370_MNXM3270-0-1"
        }
      }
    ]
  }
}