<?xml version="1.0" encoding="UTF-8"?>
<config xmlns="http://www.knime.org/2008/09/XMLConfig" xmlns:xsi="http://www.w3.org/2001/XMLSchema-instance" xsi:schemaLocation="http://www.knime.org/2008/09/XMLConfig http://www.knime.org/XMLConfig_2008_09.xsd" key="settings.xml">
<entry key="name" type="xstring" value="Column Rename"/>
<config key="model">
<config key="all_columns">
<config key="Location">
<entry key="old_column_name" type="xstring" value="Location"/>
<entry key="new_column_name" type="xstring" isnull="true" value=""/>
<entry key="new_column_type" type="xint" value="0"/>
</config>
<config key="URL">
<entry key="old_column_name" type="xstring" value="URL"/>
<entry key="new_column_name" type="xstring" isnull="true" value=""/>
<entry key="new_column_type" type="xint" value="0"/>
</config>
<config key="cmd">
<entry key="old_column_name" type="xstring" value="cmd"/>
<entry key="new_column_name" type="xstring" isnull="true" value=""/>
<entry key="new_column_type" type="xint" value="0"/>
</config>
<config key="split_0">
<entry key="old_column_name" type="xstring" value="split_0"/>
<entry key="new_column_name" type="xstring" value="basedir"/>
<entry key="new_column_type" type="xint" value="0"/>
</config>
</config>
</config>
<entry key="hasContent" type="xboolean" value="true"/>
<entry key="isInactive" type="xboolean" value="false"/>
<config key="ports">
<config key="port_1">
<entry key="index" type="xint" value="1"/>
<entry key="port_spec_class" type="xstring" value="org.knime.core.data.DataTableSpec"/>
<entry key="port_object_class" type="xstring" value="org.knime.core.node.BufferedDataTable"/>
<entry key="port_object_summary" type="xstring" value="Rows: 1, Cols: 4"/>
<entry key="port_dir_location" type="xstring" value="port_1"/>
</config>
</config>
<config key="filestores">
<entry key="file_store_location" type="xstring" isnull="true" value=""/>
<entry key="file_store_id" type="xstring" value="21f34d76-6164-4196-b6b1-4ab259677e60"/>
</config>
</config>
