{
  "elements" : {
    "nodes" : [ {
      "data" : {
        "SMILES" : "[H]OC(=NC([H])([H])C([H])([H])SC(=O)C([H])=C([H])c1c([H])c([H])c([H])c([H])c1[H])C([H])([H])C([H])([H])N=C(O[H])C([H])(O[H])C(C([H])([H])[H])(C([H])([H])[H])C([H])([H])OP(=O)(O[H])OP(=O)(O[H])OC([H])([H])C1([H])OC([H])(n2c([H])nc3c(N([H])[H])nc([H])nc32)C([H])(O[H])C1([H])OP(=O)(O[H])O[H]",
        "inSink" : 0,
        "isSource" : 0,
        "InChI" : "InChI=1S/C30H42N7O17P3S/c1-30(2,25(41)28(42)33-11-10-20(38)32-12-13-58-21(39)9-8-18-6-4-3-5-7-18)15-51-57(48,49)54-56(46,47)50-14-19-24(53-55(43,44)45)23(40)29(52-19)37-17-36-22-26(31)34-16-35-27(22)37/h3-9,16-17,19,23-25,29,40-41H,10-15H2,1-2H3,(H,32,38)(H,33,42)(H,46,47)(H,48,49)(H2,31,34,35)(H2,43,44,45)",
        "Names" : [ "None" ],
        "id" : "JVNVHNHITFVWIX-CMDGGOBGSA-N",
        "type" : "compound",
        "Rule ID" : null,
        "EC number" : null,
        "Reaction SMILES" : null,
        "Diameter" : null,
        "Score" : null,
        "Iteration" : null
      }
    }, {
      "data" : {
        "SMILES" : "[H]OC(=NC([H])([H])C([H])([H])S[H])C([H])([H])C([H])([H])N=C(O[H])C([H])(O[H])C(C([H])([H])[H])(C([H])([H])[H])C([H])([H])OP(=O)(O[H])OP(=O)(O[H])OC([H])([H])C1([H])OC([H])(n2c([H])nc3c(N([H])[H])nc([H])nc32)C([H])(O[H])C1([H])OP(=O)(O[H])O[H]",
        "inSink" : 1,
        "isSource" : 0,
        "InChI" : "InChI=1S/C21H36N7O16P3S/c1-21(2,16(31)19(32)24-4-3-12(29)23-5-6-48)8-41-47(38,39)44-46(36,37)40-7-11-15(43-45(33,34)35)14(30)20(42-11)28-10-27-13-17(22)25-9-26-18(13)28/h9-11,14-16,20,30-31,48H,3-8H2,1-2H3,(H,23,29)(H,24,32)(H,36,37)(H,38,39)(H2,22,25,26)(H2,33,34,35)",
        "Names" : [ "MNXM12" ],
        "id" : "RGJOEKWQDUBAIZ-UHFFFAOYSA-N",
        "type" : "compound",
        "Rule ID" : null,
        "EC number" : null,
        "Reaction SMILES" : null,
        "Diameter" : null,
        "Score" : null,
        "Iteration" : null
      }
    }, {
      "data" : {
        "SMILES" : "[H]OC(=O)C([H])(N([H])[H])C([H])([H])c1c([H])c([H])c([H])c([H])c1[H]",
        "inSink" : 1,
        "isSource" : 0,
        "InChI" : "InChI=1S/C9H11NO2/c10-8(9(11)12)6-7-4-2-1-3-5-7/h1-5,8H,6,10H2,(H,11,12)",
        "Names" : [ "MNXM97", "phenylalanine" ],
        "id" : "COLNVLDHVKWLRT-UHFFFAOYSA-N",
        "type" : "compound",
        "Rule ID" : null,
        "EC number" : null,
        "Reaction SMILES" : null,
        "Diameter" : null,
        "Score" : null,
        "Iteration" : null
      }
    }, {
      "data" : {
        "SMILES" : "[H]OC(=O)C([H])([H])C(=O)SC([H])([H])C([H])([H])N=C(O[H])C([H])([H])C([H])([H])N=C(O[H])C([H])(O[H])C(C([H])([H])[H])(C([H])([H])[H])C([H])([H])OP(=O)(O[H])OP(=O)(O[H])OC([H])([H])C1([H])OC([H])(n2c([H])nc3c(N([H])[H])nc([H])nc32)C([H])(O[H])C1([H])OP(=O)(O[H])O[H]",
        "inSink" : 1,
        "isSource" : 0,
        "InChI" : "InChI=1S/C24H38N7O19P3S/c1-24(2,19(37)22(38)27-4-3-13(32)26-5-6-54-15(35)7-14(33)34)9-47-53(44,45)50-52(42,43)46-8-12-18(49-51(39,40)41)17(36)23(48-12)31-11-30-16-20(25)28-10-29-21(16)31/h10-12,17-19,23,36-37H,3-9H2,1-2H3,(H,26,32)(H,27,38)(H,33,34)(H,42,43)(H,44,45)(H2,25,28,29)(H2,39,40,41)",
        "Names" : [ "MNXM40" ],
        "id" : "LTYOQGRJFJAKNA-UHFFFAOYSA-N",
        "type" : "compound",
        "Rule ID" : null,
        "EC number" : null,
        "Reaction SMILES" : null,
        "Diameter" : null,
        "Score" : null,
        "Iteration" : null
      }
    }, {
      "data" : {
        "SMILES" : "[H]OC(=O)C([H])=C([H])c1c([H])c([H])c([H])c([H])c1[H]",
        "inSink" : 0,
        "isSource" : 0,
        "InChI" : "InChI=1S/C9H8O2/c10-9(11)7-6-8-4-2-1-3-5-8/h1-7H,(H,10,11)",
        "Names" : [ "None" ],
        "id" : "WBYWAXJHAXSJNI-VOTSOKGWSA-N",
        "type" : "compound",
        "Rule ID" : null,
        "EC number" : null,
        "Reaction SMILES" : null,
        "Diameter" : null,
        "Score" : null,
        "Iteration" : null
      }
    }, {
      "data" : {
        "SMILES" : "[H]Oc1c([H])c(O[H])c(C(=O)C([H])=C([H])c2c([H])c([H])c([H])c([H])c2[H])c(O[H])c1[H]",
        "inSink" : 0,
        "isSource" : 0,
        "InChI" : "InChI=1S/C15H12O4/c16-11-8-13(18)15(14(19)9-11)12(17)7-6-10-4-2-1-3-5-10/h1-9,16,18-19H",
        "Names" : [ "None" ],
        "id" : "LOYXTWZXLWHMBX-VOTSOKGWSA-N",
        "type" : "compound",
        "Rule ID" : null,
        "EC number" : null,
        "Reaction SMILES" : null,
        "Diameter" : null,
        "Score" : null,
        "Iteration" : null
      }
    }, {
      "data" : {
        "SMILES" : "[H]Oc1c([H])c(O[H])c2c(c1[H])OC([H])(c1c([H])c([H])c([H])c([H])c1[H])C([H])([H])C2=O",
        "inSink" : 0,
        "isSource" : 1,
        "InChI" : "InChI=1S/C15H12O4/c16-10-6-11(17)15-12(18)8-13(19-14(15)7-10)9-4-2-1-3-5-9/h1-7,13,16-17H,8H2",
        "Names" : [ "pinocembrin" ],
        "id" : "URFCJEUYXNAHFI-UHFFFAOYSA-N",
        "type" : "compound",
        "Rule ID" : null,
        "EC number" : null,
        "Reaction SMILES" : null,
        "Diameter" : null,
        "Score" : null,
        "Iteration" : null
      }
    }, {
      "data" : {
        "SMILES" : null,
        "inSink" : null,
        "isSource" : null,
        "InChI" : null,
        "Names" : null,
        "id" : "TRS_0_0_0",
        "type" : "reaction",
        "Rule ID" : [ "MNXR85703_MNXM2889" ],
        "EC number" : [ "5.5.1.6" ],
        "Reaction SMILES" : "[H]Oc1c([H])c(O[H])c2c(c1[H])OC([H])(c1c([H])c([H])c([H])c([H])c1[H])C([H])([H])C2=O>>[H]Oc1c([H])c(O[H])c(C(=O)C([H])=C([H])c2c([H])c([H])c([H])c([H])c2[H])c(O[H])c1[H]",
        "Diameter" : 12,
        "Score" : 1000.0,
        "Iteration" : 0
      }
    }, {
      "data" : {
        "SMILES" : null,
        "inSink" : null,
        "isSource" : null,
        "InChI" : null,
        "Names" : null,
        "id" : "TRS_0_1_0",
        "type" : "reaction",
        "Rule ID" : [ "MNXR84871_MNXM1208" ],
        "EC number" : [ "2.3.1.74" ],
        "Reaction SMILES" : "[H]Oc1c([H])c(O[H])c(C(=O)C([H])=C([H])c2c([H])c([H])c([H])c([H])c2[H])c(O[H])c1[H]>>[H]OC(=NC([H])([H])C([H])([H])SC(=O)C([H])=C([H])c1c([H])c([H])c([H])c([H])c1[H])C([H])([H])C([H])([H])N=C(O[H])C([H])(O[H])C(C([H])([H])[H])(C([H])([H])[H])C([H])([H])OP(=O)(O[H])OP(=O)(O[H])OC([H])([H])C1([H])OC([H])(n2c([H])nc3c(N([H])[H])nc([H])nc32)C([H])(O[H])C1([H])OP(=O)(O[H])O[H].[H]OC(=O)C([H])([H])C(=O)SC([H])([H])C([H])([H])N=C(O[H])C([H])([H])C([H])([H])N=C(O[H])C([H])(O[H])C(C([H])([H])[H])(C([H])([H])[H])C([H])([H])OP(=O)(O[H])OP(=O)(O[H])OC([H])([H])C1([H])OC([H])(n2c([H])nc3c(N([H])[H])nc([H])nc32)C([H])(O[H])C1([H])OP(=O)(O[H])O[H]",
        "Diameter" : 12,
        "Score" : 1000.0,
        "Iteration" : 1
      }
    }, {
      "data" : {
        "SMILES" : null,
        "inSink" : null,
        "isSource" : null,
        "InChI" : null,
        "Names" : null,
        "id" : "TRS_0_2_0",
        "type" : "reaction",
        "Rule ID" : [ "MNXR227_MNXM264" ],
        "EC number" : [ "6.2.1.12" ],
        "Reaction SMILES" : "[H]OC(=NC([H])([H])C([H])([H])SC(=O)C([H])=C([H])c1c([H])c([H])c([H])c([H])c1[H])C([H])([H])C([H])([H])N=C(O[H])C([H])(O[H])C(C([H])([H])[H])(C([H])([H])[H])C([H])([H])OP(=O)(O[H])OP(=O)(O[H])OC([H])([H])C1([H])OC([H])(n2c([H])nc3c(N([H])[H])nc([H])nc32)C([H])(O[H])C1([H])OP(=O)(O[H])O[H]>>[H]OC(=NC([H])([H])C([H])([H])S[H])C([H])([H])C([H])([H])N=C(O[H])C([H])(O[H])C(C([H])([H])[H])(C([H])([H])[H])C([H])([H])OP(=O)(O[H])OP(=O)(O[H])OC([H])([H])C1([H])OC([H])(n2c([H])nc3c(N([H])[H])nc([H])nc32)C([H])(O[H])C1([H])OP(=O)(O[H])O[H].[H]OC(=O)C([H])=C([H])c1c([H])c([H])c([H])c([H])c1[H]",
        "Diameter" : 12,
        "Score" : 1000.0,
        "Iteration" : 2
      }
    }, {
      "data" : {
        "SMILES" : null,
        "inSink" : null,
        "isSource" : null,
        "InChI" : null,
        "Names" : null,
        "id" : "TRS_0_3_0",
        "type" : "reaction",
        "Rule ID" : [ "MNXR7145_MNXM438", "MNXR93681_MNXM438" ],
        "EC number" : [ "4.3.1.25", "4.3.1.5" ],
        "Reaction SMILES" : "[H]OC(=O)C([H])=C([H])c1c([H])c([H])c([H])c([H])c1[H]>>[H]OC(=O)C([H])(N([H])[H])C([H])([H])c1c([H])c([H])c([H])c([H])c1[H]",
        "Diameter" : 12,
        "Score" : 1000.0,
        "Iteration" : 3
      }
    } ],
    "edges" : [ {
      "data" : {
        "target" : "COLNVLDHVKWLRT-UHFFFAOYSA-N",
        "source" : "TRS_0_3_0",
        "id" : "COLNVLDHVKWLRT-UHFFFAOYSA-N_=>_TRS_0_3_0"
      }
    }, {
      "data" : {
        "target" : "JVNVHNHITFVWIX-CMDGGOBGSA-N",
        "source" : "TRS_0_1_0",
        "id" : "JVNVHNHITFVWIX-CMDGGOBGSA-N_=>_TRS_0_1_0"
      }
    }, {
      "data" : {
        "target" : "LOYXTWZXLWHMBX-VOTSOKGWSA-N",
        "source" : "TRS_0_0_0",
        "id" : "LOYXTWZXLWHMBX-VOTSOKGWSA-N_=>_TRS_0_0_0"
      }
    }, {
      "data" : {
        "target" : "LTYOQGRJFJAKNA-UHFFFAOYSA-N",
        "source" : "TRS_0_1_0",
        "id" : "LTYOQGRJFJAKNA-UHFFFAOYSA-N_=>_TRS_0_1_0"
      }
    }, {
      "data" : {
        "target" : "RGJOEKWQDUBAIZ-UHFFFAOYSA-N",
        "source" : "TRS_0_2_0",
        "id" : "RGJOEKWQDUBAIZ-UHFFFAOYSA-N_=>_TRS_0_2_0"
      }
    }, {
      "data" : {
        "target" : "TRS_0_0_0",
        "source" : "URFCJEUYXNAHFI-UHFFFAOYSA-N",
        "id" : "TRS_0_0_0_=>_URFCJEUYXNAHFI-UHFFFAOYSA-N"
      }
    }, {
      "data" : {
        "target" : "TRS_0_1_0",
        "source" : "LOYXTWZXLWHMBX-VOTSOKGWSA-N",
        "id" : "TRS_0_1_0_=>_LOYXTWZXLWHMBX-VOTSOKGWSA-N"
      }
    }, {
      "data" : {
        "target" : "TRS_0_2_0",
        "source" : "JVNVHNHITFVWIX-CMDGGOBGSA-N",
        "id" : "TRS_0_2_0_=>_JVNVHNHITFVWIX-CMDGGOBGSA-N"
      }
    }, {
      "data" : {
        "target" : "TRS_0_3_0",
        "source" : "WBYWAXJHAXSJNI-VOTSOKGWSA-N",
        "id" : "TRS_0_3_0_=>_WBYWAXJHAXSJNI-VOTSOKGWSA-N"
      }
    }, {
      "data" : {
        "target" : "WBYWAXJHAXSJNI-VOTSOKGWSA-N",
        "source" : "TRS_0_2_0",
        "id" : "WBYWAXJHAXSJNI-VOTSOKGWSA-N_=>_TRS_0_2_0"
      }
    } ]
  }
}