<?xml version="1.0" encoding="UTF-8"?>
<config xmlns="http://www.knime.org/2008/09/XMLConfig" xmlns:xsi="http://www.w3.org/2001/XMLSchema-instance" xsi:schemaLocation="http://www.knime.org/2008/09/XMLConfig http://www.knime.org/XMLConfig_2008_09.xsd" key="settings.xml">
<entry key="name" type="xstring" value="Molecule to RDKit"/>
<config key="model">
<config key="first_column_Internals">
<entry key="SettingsModelID" type="xstring" value="SMID_string"/>
<entry key="EnabledStatus" type="xboolean" value="true"/>
</config>
<entry key="first_column" type="xstring" value="Molecule"/>
<config key="new_column_name_Internals">
<entry key="SettingsModelID" type="xstring" value="SMID_string"/>
<entry key="EnabledStatus" type="xboolean" value="true"/>
</config>
<entry key="new_column_name" type="xstring" value="Molecule (RDKit Mol)"/>
<config key="remove_source_columns_Internals">
<entry key="SettingsModelID" type="xstring" value="SMID_boolean"/>
<entry key="EnabledStatus" type="xboolean" value="true"/>
</config>
<entry key="remove_source_columns" type="xboolean" value="false"/>
<config key="bad_rows_to_port1_Internals">
<entry key="SettingsModelID" type="xstring" value="SMID_string"/>
<entry key="EnabledStatus" type="xboolean" value="true"/>
</config>
<entry key="bad_rows_to_port1" type="xstring" value="SPLIT_ROWS"/>
<config key="generateCoordinates_Internals">
<entry key="SettingsModelID" type="xstring" value="SMID_boolean"/>
<entry key="EnabledStatus" type="xboolean" value="true"/>
</config>
<entry key="generateCoordinates" type="xboolean" value="false"/>
<config key="forceGenerateCoordinates_Internals">
<entry key="SettingsModelID" type="xstring" value="SMID_boolean"/>
<entry key="EnabledStatus" type="xboolean" value="false"/>
</config>
<entry key="forceGenerateCoordinates" type="xboolean" value="false"/>
<config key="skip_santization_Internals">
<entry key="SettingsModelID" type="xstring" value="SMID_boolean"/>
<entry key="EnabledStatus" type="xboolean" value="true"/>
</config>
<entry key="skip_santization" type="xboolean" value="false"/>
<config key="do_aromaticity_Internals">
<entry key="SettingsModelID" type="xstring" value="SMID_boolean"/>
<entry key="EnabledStatus" type="xboolean" value="false"/>
</config>
<entry key="do_aromaticity" type="xboolean" value="true"/>
<config key="do_stereochem_Internals">
<entry key="SettingsModelID" type="xstring" value="SMID_boolean"/>
<entry key="EnabledStatus" type="xboolean" value="false"/>
</config>
<entry key="do_stereochem" type="xboolean" value="false"/>
</config>
<entry key="hasContent" type="xboolean" value="true"/>
<entry key="isInactive" type="xboolean" value="false"/>
<entry key="node_message" type="xstring" value="Error parsing input for 22 rows."/>
<config key="ports">
<config key="port_1">
<entry key="index" type="xint" value="1"/>
<entry key="port_spec_class" type="xstring" value="org.knime.core.data.DataTableSpec"/>
<entry key="port_object_class" type="xstring" value="org.knime.core.node.BufferedDataTable"/>
<entry key="port_object_summary" type="xstring" value="Rows: 2514, Cols: 3"/>
<entry key="port_dir_location" type="xstring" value="port_1"/>
</config>
<config key="port_2">
<entry key="index" type="xint" value="2"/>
<entry key="port_spec_class" type="xstring" value="org.knime.core.data.DataTableSpec"/>
<entry key="port_object_class" type="xstring" value="org.knime.core.node.BufferedDataTable"/>
<entry key="port_object_summary" type="xstring" value="Rows: 22, Cols: 2"/>
<entry key="port_dir_location" type="xstring" value="port_2"/>
</config>
</config>
</config>
