<?xml version="1.0" encoding="UTF-8"?>
<config xmlns="http://www.knime.org/2008/09/XMLConfig" xmlns:xsi="http://www.w3.org/2001/XMLSchema-instance" xsi:schemaLocation="http://www.knime.org/2008/09/XMLConfig http://www.knime.org/XMLConfig_2008_09.xsd" key="settings.xml">
<entry key="name" type="xstring" value="Java Snippet"/>
<config key="model">
<entry key="expression" type="xstring" value="%%00010double result= 0.0;%%00010double counts= 0.0;%%00010if($Mean(value)s6$!=null){%%00010%%00009result=$Mean(value)s6$*$Count*(value)s6$;%%00010%%00009counts=$Count*(value)s6$;%%00010}%%00010if(counts&gt;10)%%00010%%00009return result/counts;%%00010if($Mean(value)s5$!=null){%%00010result=result+$Mean(value)s5$*$Count*(value)s5$;%%00010counts=counts+$Count*(value)s5$;%%00010}%%00010if(counts&gt;10)%%00010%%00009return result/counts;%%00010if($Mean(value)s4$!=null){%%00010result=result+$Mean(value)s4$*$Count*(value)s4$;%%00010counts=counts+$Count*(value)s4$;%%00010}%%00010if(counts&gt;10)%%00010%%00009return result/counts;%%00010if($Mean(value)s3$!=null){%%00010result=result+$Mean(value)s3$*$Count*(value)s3$;%%00010counts=counts+$Count*(value)s3$;%%00010}%%00010if(counts&gt;10)%%00010%%00009return result/counts;%%00010if($Mean(value)s2$!=null){%%00010result=result+$Mean(value)s2$*$Count*(value)s2$;%%00010counts=counts+$Count*(value)s2$;%%00010}%%00010if(counts&gt;10)%%00010%%00009return result/counts;%%00010if($Mean(value)$!=null){%%00010result=result+$Mean(value)$*$Count*(value)$;%%00010counts=counts+$Count*(value)$;%%00010}%%00010if(counts==0.0){%%00010%%00009double zero =-2.0;%%00010%%00009return zero;%%00010}%%00010return result/counts;"/>
<entry key="header" type="xstring" value=""/>
<entry key="replaced_column" type="xstring" value="Shift(mean)"/>
<entry key="append_column" type="xboolean" value="false"/>
<entry key="test_compilation_on_dialog_close" type="xboolean" value="true"/>
<entry key="insert_missing_as_null" type="xboolean" value="true"/>
<entry key="return_type" type="xstring" value="java.lang.Double"/>
<entry key="is_array_return" type="xboolean" value="false"/>
<config key="java_libraries"/>
<entry key="expression_version" type="xint" value="2"/>
<config key="imports"/>
</config>
<entry key="hasContent" type="xboolean" value="false"/>
<entry key="isInactive" type="xboolean" value="false"/>
<config key="ports">
<config key="port_1">
<entry key="index" type="xint" value="1"/>
<entry key="port_dir_location" type="xstring" isnull="true" value=""/>
</config>
</config>
</config>
