<?xml version="1.0" encoding="UTF-8"?>
<config xmlns="http://www.knime.org/2008/09/XMLConfig" xmlns:xsi="http://www.w3.org/2001/XMLSchema-instance" xsi:schemaLocation="http://www.knime.org/2008/09/XMLConfig http://www.knime.org/XMLConfig_2008_09.xsd" key="settings.xml">
<entry key="name" type="xstring" value="JPython Function"/>
<config key="model">
<entry key="script" type="xstring" value="&quot;Row%s&quot; % (int(val(&quot;Iteration&quot;))+1,)"/>
<entry key="append_columns" type="xboolean" value="true"/>
<config key="new_column_names">
<entry key="array-size" type="xint" value="1"/>
<entry key="0" type="xstring" value="reference"/>
</config>
<config key="new_column_types">
<entry key="array-size" type="xint" value="1"/>
<entry key="0" type="xstring" value="String"/>
</config>
</config>
<entry key="hasContent" type="xboolean" value="false"/>
<entry key="isInactive" type="xboolean" value="false"/>
<config key="ports">
<config key="port_1">
<entry key="index" type="xint" value="1"/>
<entry key="port_dir_location" type="xstring" isnull="true" value=""/>
</config>
</config>
</config>
