<?xml version="1.0" encoding="UTF-8"?>
<config xmlns="http://www.knime.org/2008/09/XMLConfig" xmlns:xsi="http://www.w3.org/2001/XMLSchema-instance" xsi:schemaLocation="http://www.knime.org/2008/09/XMLConfig http://www.knime.org/XMLConfig_2008_09.xsd" key="settings.xml">
<entry key="name" type="xstring" value="RDKit Interactive Table"/>
<config key="model"/>
<entry key="hasContent" type="xboolean" value="true"/>
<entry key="isInactive" type="xboolean" value="false"/>
<config key="ports">
<config key="port_1">
<entry key="index" type="xint" value="1"/>
<entry key="port_spec_class" type="xstring" value="org.knime.core.data.DataTableSpec"/>
<entry key="port_object_class" type="xstring" value="org.knime.core.node.BufferedDataTable"/>
<entry key="port_object_summary" type="xstring" value="Rows: 25, Cols: 6"/>
<entry key="port_dir_location" type="xstring" value="port_1"/>
</config>
</config>
<config key="internalTables">
<entry key="location" type="xstring" value="internalTables"/>
<config key="content">
<config key="table_0">
<entry key="index" type="xint" value="0"/>
<entry key="table_dir_location" type="xstring" value="table_0"/>
</config>
<config key="table_1">
<entry key="index" type="xint" value="1"/>
<entry key="table_dir_location" type="xstring" value="table_1"/>
</config>
</config>
</config>
<config key="filestores">
<entry key="file_store_location" type="xstring" isnull="true" value=""/>
<entry key="file_store_id" type="xstring" value="3c82636b-6434-4582-97ab-a5b875a63836"/>
</config>
</config>
