<?xml version="1.0" encoding="UTF-8"?>
<config xmlns="http://www.knime.org/2008/09/XMLConfig" xmlns:xsi="http://www.w3.org/2001/XMLSchema-instance" xsi:schemaLocation="http://www.knime.org/2008/09/XMLConfig http://www.knime.org/XMLConfig_2008_09.xsd" key="settings.xml">
<entry key="name" type="xstring" value="Abner Filter"/>
<config key="model">
<config key="DeepPreprocessing_Internals">
<entry key="SettingsModelID" type="xstring" value="SMID_boolean"/>
<entry key="EnabledStatus" type="xboolean" value="true"/>
</config>
<entry key="DeepPreprocessing" type="xboolean" value="true"/>
<config key="AppendIncomingDoc_Internals">
<entry key="SettingsModelID" type="xstring" value="SMID_boolean"/>
<entry key="EnabledStatus" type="xboolean" value="true"/>
</config>
<entry key="AppendIncomingDoc" type="xboolean" value="true"/>
<config key="DocCol_Internals">
<entry key="SettingsModelID" type="xstring" value="SMID_string"/>
<entry key="EnabledStatus" type="xboolean" value="true"/>
</config>
<entry key="DocCol" type="xstring" value="Document"/>
<config key="OriginalDocCol_Internals">
<entry key="SettingsModelID" type="xstring" value="SMID_string"/>
<entry key="EnabledStatus" type="xboolean" value="true"/>
</config>
<entry key="OriginalDocCol" type="xstring" value="Document"/>
<config key="Preprocess Unmodifiable_Internals">
<entry key="SettingsModelID" type="xstring" value="SMID_boolean"/>
<entry key="EnabledStatus" type="xboolean" value="true"/>
</config>
<entry key="Preprocess Unmodifiable" type="xboolean" value="false"/>
<config key="Strict_Internals">
<entry key="SettingsModelID" type="xstring" value="SMID_boolean"/>
<entry key="EnabledStatus" type="xboolean" value="true"/>
</config>
<entry key="Strict" type="xboolean" value="false"/>
<config key="ValidTags_Internals">
<entry key="SettingsModelID" type="xstring" value="SMID_stringarray"/>
<entry key="EnabledStatus" type="xboolean" value="true"/>
</config>
<config key="ValidTags">
<entry key="array-size" type="xint" value="7"/>
<entry key="0" type="xstring" value="CELL_LINE"/>
<entry key="1" type="xstring" value="CELL_TYPE"/>
<entry key="2" type="xstring" value="DNA"/>
<entry key="3" type="xstring" value="GENE"/>
<entry key="4" type="xstring" value="PROTEIN"/>
<entry key="5" type="xstring" value="RNA"/>
<entry key="6" type="xstring" value="UNKNOWN"/>
</config>
<config key="IncludeSelected_Internals">
<entry key="SettingsModelID" type="xstring" value="SMID_boolean"/>
<entry key="EnabledStatus" type="xboolean" value="true"/>
</config>
<entry key="IncludeSelected" type="xboolean" value="false"/>
</config>
<entry key="hasContent" type="xboolean" value="false"/>
<entry key="isInactive" type="xboolean" value="false"/>
<config key="ports">
<config key="port_1">
<entry key="index" type="xint" value="1"/>
<entry key="port_dir_location" type="xstring" isnull="true" value=""/>
</config>
</config>
<config key="filestores">
<entry key="file_store_location" type="xstring" isnull="true" value=""/>
<entry key="file_store_id" type="xstring" isnull="true" value=""/>
</config>
</config>
