<?xml version="1.0" encoding="UTF-8"?>
<config xmlns="http://www.knime.org/2008/09/XMLConfig" xmlns:xsi="http://www.w3.org/2001/XMLSchema-instance" xsi:schemaLocation="http://www.knime.org/2008/09/XMLConfig http://www.knime.org/XMLConfig_2008_09.xsd" key="spec.xml">
<entry key="spec_name" type="xstring" value="default"/>
<entry key="number_columns" type="xint" value="1"/>
<config key="column_spec_0">
<entry key="column_name" type="xstring" value="url"/>
<config key="element_names">
<entry key="array-size" type="xint" value="0"/>
</config>
<config key="column_type">
<entry key="cell_class" type="xstring" value="org.knime.core.data.def.StringCell"/>
</config>
<config key="column_domain">
<config key="possible_values">
<entry key="array-size" type="xint" value="1"/>
<config key="0">
<entry key="datacell" type="xstring" value="org.knime.core.data.def.StringCell"/>
<config key="org.knime.core.data.def.StringCell">
<entry key="StringCell" type="xstring" value="https://beta.openphacts.org/1.4/structure/similarity?app_id=15a18100&amp;app_key=528a8272f1cd961d215f318a0315dd3d&amp;searchOptions.SimilarityType=0&amp;searchOptions.Threshold=0.80&amp;searchOptions.Molecule=CC1%3DC(C(C(%3DC(N1)C)C(%3DO)OC)C2%3DCC%3DCC%3DC2%5BN%2B%5D(%3DO)%5BO-%5D)C(%3DO)OC"/>
</config>
</config>
</config>
</config>
<config key="column_properties"/>
</config>
</config>
