<?xml version="1.0" encoding="UTF-8"?>
<config xmlns="http://www.knime.org/2008/09/XMLConfig" xmlns:xsi="http://www.w3.org/2001/XMLSchema-instance" xsi:schemaLocation="http://www.knime.org/2008/09/XMLConfig http://www.knime.org/XMLConfig_2008_09.xsd" key="settings.xml">
<entry key="name" type="xstring" value="SDF Reader"/>
<config key="model">
<config key="urls">
<entry key="array-size" type="xint" value="0"/>
</config>
<entry key="useRowID" type="xboolean" value="false"/>
<entry key="extractName" type="xboolean" value="false"/>
<entry key="extractSDF" type="xboolean" value="true"/>
<entry key="extractMol" type="xboolean" value="false"/>
<entry key="extractCTab" type="xboolean" value="false"/>
<entry key="extractCounts" type="xboolean" value="false"/>
<entry key="sourceLocationColumn" type="xboolean" value="false"/>
<entry key="limitMolecules" type="xboolean" value="false"/>
<entry key="limit" type="xint" value="0"/>
<entry key="extractAllProperties" type="xboolean" value="false"/>
<config key="properties">
<entry key="count" type="xint" value="0"/>
</config>
</config>
<entry key="hasContent" type="xboolean" value="false"/>
<entry key="isInactive" type="xboolean" value="false"/>
<config key="ports">
<config key="port_1">
<entry key="index" type="xint" value="1"/>
<entry key="port_dir_location" type="xstring" isnull="true" value=""/>
</config>
<config key="port_2">
<entry key="index" type="xint" value="2"/>
<entry key="port_dir_location" type="xstring" isnull="true" value=""/>
</config>
</config>
</config>
