<?xml version="1.0" encoding="UTF-8"?>
<config xmlns="http://www.knime.org/2008/09/XMLConfig" xmlns:xsi="http://www.w3.org/2001/XMLSchema-instance" xsi:schemaLocation="http://www.knime.org/2008/09/XMLConfig http://www.knime.org/XMLConfig_2008_09.xsd" key="settings.xml">
<entry key="name" type="xstring" value="Atom Signatures"/>
<config key="model">
<entry key="molColumn" type="xstring" value="CDK (H)"/>
<entry key="minHeight" type="xint" value="1"/>
<entry key="maxHeight" type="xint" value="6"/>
<entry key="heightSet" type="xboolean" value="true"/>
<entry key="atomType" type="xstring" value="C"/>
<entry key="signatureType" type="xstring" value="AtomSignatures"/>
</config>
<entry key="hasContent" type="xboolean" value="true"/>
<entry key="isInactive" type="xboolean" value="false"/>
<config key="ports">
<config key="port_1">
<entry key="index" type="xint" value="1"/>
<entry key="port_spec_class" type="xstring" value="org.knime.core.data.DataTableSpec"/>
<entry key="port_object_class" type="xstring" value="org.knime.core.node.BufferedDataTable"/>
<entry key="port_object_summary" type="xstring" value="Rows: 13, Cols: 11"/>
<entry key="port_dir_location" type="xstring" value="port_1"/>
</config>
</config>
</config>
