<?xml version="1.0" encoding="UTF-8"?>
<config xmlns="http://www.knime.org/2008/09/XMLConfig" xmlns:xsi="http://www.w3.org/2001/XMLSchema-instance" xsi:schemaLocation="http://www.knime.org/2008/09/XMLConfig http://www.knime.org/XMLConfig_2008_09.xsd" key="settings.xml">
<entry key="name" type="xstring" value="Numeric Column filter"/>
<config key="model">
<config key="left.col_Internals">
<entry key="SettingsModelID" type="xstring" value="SMID_filterString"/>
<entry key="EnabledStatus" type="xboolean" value="true"/>
</config>
<config key="left.col">
<config key="InclList">
<entry key="array-size" type="xint" value="6"/>
<entry key="0" type="xstring" value="Sample1"/>
<entry key="1" type="xstring" value="Sample2"/>
<entry key="2" type="xstring" value="Sample3"/>
<entry key="3" type="xstring" value="Sample4"/>
<entry key="4" type="xstring" value="Sample5"/>
<entry key="5" type="xstring" value="Sample6"/>
</config>
<config key="ExclList">
<entry key="array-size" type="xint" value="2"/>
<entry key="0" type="xstring" value="num.samples"/>
<entry key="1" type="xstring" value="num.distinct.snp"/>
</config>
<entry key="keep_all_columns_selected" type="xboolean" value="false"/>
</config>
<config key="all.columns.must.in.range_Internals">
<entry key="SettingsModelID" type="xstring" value="SMID_boolean"/>
<entry key="EnabledStatus" type="xboolean" value="true"/>
</config>
<entry key="all.columns.must.in.range" type="xboolean" value="true"/>
<config key="invert_Internals">
<entry key="SettingsModelID" type="xstring" value="SMID_boolean"/>
<entry key="EnabledStatus" type="xboolean" value="true"/>
</config>
<entry key="invert" type="xboolean" value="false"/>
<config key="range_Internals">
<entry key="SettingsModelID" type="xstring" value="SMID_doubleRange"/>
<entry key="EnabledStatus" type="xboolean" value="true"/>
</config>
<config key="range">
<entry key="MIN" type="xdouble" value="0.0"/>
<entry key="MAX" type="xdouble" value="4.0"/>
</config>
</config>
<entry key="hasContent" type="xboolean" value="false"/>
<entry key="isInactive" type="xboolean" value="false"/>
<config key="ports">
<config key="port_1">
<entry key="index" type="xint" value="1"/>
<entry key="port_dir_location" type="xstring" isnull="true" value=""/>
</config>
</config>
</config>
