<?xml version="1.0" encoding="UTF-8"?>
<config xmlns="http://www.knime.org/2008/09/XMLConfig" xmlns:xsi="http://www.w3.org/2001/XMLSchema-instance" xsi:schemaLocation="http://www.knime.org/2008/09/XMLConfig http://www.knime.org/XMLConfig_2008_09.xsd" key="settings.xml">
<entry key="name" type="xstring" value="NCBI Gene"/>
<config key="model">
<config key="ncbi.query_Internals">
<entry key="SettingsModelID" type="xstring" value="SMID_string"/>
<entry key="EnabledStatus" type="xboolean" value="true"/>
</config>
<entry key="ncbi.query" type="xstring" value="##geneSymbol##[Gene] 9606[taxid]"/>
<config key="ncbi.qlimit_Internals">
<entry key="SettingsModelID" type="xstring" value="SMID_integer"/>
<entry key="EnabledStatus" type="xboolean" value="true"/>
</config>
<entry key="ncbi.qlimit" type="xint" value="10"/>
</config>
<entry key="hasContent" type="xboolean" value="false"/>
<entry key="isInactive" type="xboolean" value="false"/>
<config key="ports">
<config key="port_1">
<entry key="index" type="xint" value="1"/>
<entry key="port_dir_location" type="xstring" isnull="true" value=""/>
</config>
</config>
</config>
