<?xml version="1.0" encoding="UTF-8"?>
<config xmlns="http://www.knime.org/2008/09/XMLConfig" xmlns:xsi="http://www.w3.org/2001/XMLSchema-instance" xsi:schemaLocation="http://www.knime.org/2008/09/XMLConfig http://www.knime.org/XMLConfig_2008_09.xsd" key="table_meta_info">
<entry key="table_ID" type="xint" value="41515972"/>
<entry key="table_type" type="xstring" value="rearrange_columns_table"/>
<config key="table_references">
<entry key="array-size" type="xint" value="0"/>
</config>
<config key="meta_internal">
<entry key="table_reference_ID" type="xint" value="41515955"/>
<config key="table_internal_map">
<entry key="array-size" type="xint" value="483"/>
<entry key="0" type="xint" value="0"/>
<entry key="1" type="xint" value="1"/>
<entry key="2" type="xint" value="0"/>
<entry key="3" type="xint" value="1"/>
<entry key="4" type="xint" value="2"/>
<entry key="5" type="xint" value="3"/>
<entry key="6" type="xint" value="4"/>
<entry key="7" type="xint" value="5"/>
<entry key="8" type="xint" value="6"/>
<entry key="9" type="xint" value="7"/>
<entry key="10" type="xint" value="8"/>
<entry key="11" type="xint" value="9"/>
<entry key="12" type="xint" value="10"/>
<entry key="13" type="xint" value="11"/>
<entry key="14" type="xint" value="12"/>
<entry key="15" type="xint" value="13"/>
<entry key="16" type="xint" value="14"/>
<entry key="17" type="xint" value="15"/>
<entry key="18" type="xint" value="16"/>
<entry key="19" type="xint" value="17"/>
<entry key="20" type="xint" value="18"/>
<entry key="21" type="xint" value="19"/>
<entry key="22" type="xint" value="20"/>
<entry key="23" type="xint" value="21"/>
<entry key="24" type="xint" value="22"/>
<entry key="25" type="xint" value="23"/>
<entry key="26" type="xint" value="24"/>
<entry key="27" type="xint" value="25"/>
<entry key="28" type="xint" value="26"/>
<entry key="29" type="xint" value="27"/>
<entry key="30" type="xint" value="28"/>
<entry key="31" type="xint" value="29"/>
<entry key="32" type="xint" value="30"/>
<entry key="33" type="xint" value="31"/>
<entry key="34" type="xint" value="32"/>
<entry key="35" type="xint" value="33"/>
<entry key="36" type="xint" value="34"/>
<entry key="37" type="xint" value="35"/>
<entry key="38" type="xint" value="36"/>
<entry key="39" type="xint" value="37"/>
<entry key="40" type="xint" value="38"/>
<entry key="41" type="xint" value="39"/>
<entry key="42" type="xint" value="40"/>
<entry key="43" type="xint" value="41"/>
<entry key="44" type="xint" value="42"/>
<entry key="45" type="xint" value="43"/>
<entry key="46" type="xint" value="44"/>
<entry key="47" type="xint" value="45"/>
<entry key="48" type="xint" value="46"/>
<entry key="49" type="xint" value="47"/>
<entry key="50" type="xint" value="48"/>
<entry key="51" type="xint" value="49"/>
<entry key="52" type="xint" value="50"/>
<entry key="53" type="xint" value="51"/>
<entry key="54" type="xint" value="52"/>
<entry key="55" type="xint" value="53"/>
<entry key="56" type="xint" value="54"/>
<entry key="57" type="xint" value="55"/>
<entry key="58" type="xint" value="56"/>
<entry key="59" type="xint" value="57"/>
<entry key="60" type="xint" value="58"/>
<entry key="61" type="xint" value="59"/>
<entry key="62" type="xint" value="60"/>
<entry key="63" type="xint" value="61"/>
<entry key="64" type="xint" value="62"/>
<entry key="65" type="xint" value="63"/>
<entry key="66" type="xint" value="64"/>
<entry key="67" type="xint" value="65"/>
<entry key="68" type="xint" value="66"/>
<entry key="69" type="xint" value="67"/>
<entry key="70" type="xint" value="68"/>
<entry key="71" type="xint" value="69"/>
<entry key="72" type="xint" value="70"/>
<entry key="73" type="xint" value="71"/>
<entry key="74" type="xint" value="72"/>
<entry key="75" type="xint" value="73"/>
<entry key="76" type="xint" value="74"/>
<entry key="77" type="xint" value="75"/>
<entry key="78" type="xint" value="76"/>
<entry key="79" type="xint" value="77"/>
<entry key="80" type="xint" value="78"/>
<entry key="81" type="xint" value="79"/>
<entry key="82" type="xint" value="80"/>
<entry key="83" type="xint" value="81"/>
<entry key="84" type="xint" value="82"/>
<entry key="85" type="xint" value="83"/>
<entry key="86" type="xint" value="84"/>
<entry key="87" type="xint" value="85"/>
<entry key="88" type="xint" value="86"/>
<entry key="89" type="xint" value="87"/>
<entry key="90" type="xint" value="88"/>
<entry key="91" type="xint" value="89"/>
<entry key="92" type="xint" value="90"/>
<entry key="93" type="xint" value="91"/>
<entry key="94" type="xint" value="92"/>
<entry key="95" type="xint" value="93"/>
<entry key="96" type="xint" value="94"/>
<entry key="97" type="xint" value="95"/>
<entry key="98" type="xint" value="96"/>
<entry key="99" type="xint" value="97"/>
<entry key="100" type="xint" value="98"/>
<entry key="101" type="xint" value="99"/>
<entry key="102" type="xint" value="100"/>
<entry key="103" type="xint" value="101"/>
<entry key="104" type="xint" value="102"/>
<entry key="105" type="xint" value="103"/>
<entry key="106" type="xint" value="104"/>
<entry key="107" type="xint" value="105"/>
<entry key="108" type="xint" value="106"/>
<entry key="109" type="xint" value="107"/>
<entry key="110" type="xint" value="108"/>
<entry key="111" type="xint" value="109"/>
<entry key="112" type="xint" value="110"/>
<entry key="113" type="xint" value="111"/>
<entry key="114" type="xint" value="112"/>
<entry key="115" type="xint" value="113"/>
<entry key="116" type="xint" value="114"/>
<entry key="117" type="xint" value="115"/>
<entry key="118" type="xint" value="116"/>
<entry key="119" type="xint" value="117"/>
<entry key="120" type="xint" value="118"/>
<entry key="121" type="xint" value="119"/>
<entry key="122" type="xint" value="120"/>
<entry key="123" type="xint" value="121"/>
<entry key="124" type="xint" value="122"/>
<entry key="125" type="xint" value="123"/>
<entry key="126" type="xint" value="124"/>
<entry key="127" type="xint" value="125"/>
<entry key="128" type="xint" value="126"/>
<entry key="129" type="xint" value="127"/>
<entry key="130" type="xint" value="128"/>
<entry key="131" type="xint" value="129"/>
<entry key="132" type="xint" value="130"/>
<entry key="133" type="xint" value="131"/>
<entry key="134" type="xint" value="132"/>
<entry key="135" type="xint" value="133"/>
<entry key="136" type="xint" value="134"/>
<entry key="137" type="xint" value="135"/>
<entry key="138" type="xint" value="136"/>
<entry key="139" type="xint" value="137"/>
<entry key="140" type="xint" value="138"/>
<entry key="141" type="xint" value="139"/>
<entry key="142" type="xint" value="140"/>
<entry key="143" type="xint" value="141"/>
<entry key="144" type="xint" value="142"/>
<entry key="145" type="xint" value="143"/>
<entry key="146" type="xint" value="144"/>
<entry key="147" type="xint" value="145"/>
<entry key="148" type="xint" value="146"/>
<entry key="149" type="xint" value="147"/>
<entry key="150" type="xint" value="148"/>
<entry key="151" type="xint" value="149"/>
<entry key="152" type="xint" value="150"/>
<entry key="153" type="xint" value="151"/>
<entry key="154" type="xint" value="152"/>
<entry key="155" type="xint" value="153"/>
<entry key="156" type="xint" value="154"/>
<entry key="157" type="xint" value="155"/>
<entry key="158" type="xint" value="156"/>
<entry key="159" type="xint" value="157"/>
<entry key="160" type="xint" value="158"/>
<entry key="161" type="xint" value="159"/>
<entry key="162" type="xint" value="160"/>
<entry key="163" type="xint" value="161"/>
<entry key="164" type="xint" value="162"/>
<entry key="165" type="xint" value="163"/>
<entry key="166" type="xint" value="164"/>
<entry key="167" type="xint" value="165"/>
<entry key="168" type="xint" value="166"/>
<entry key="169" type="xint" value="167"/>
<entry key="170" type="xint" value="168"/>
<entry key="171" type="xint" value="169"/>
<entry key="172" type="xint" value="170"/>
<entry key="173" type="xint" value="171"/>
<entry key="174" type="xint" value="172"/>
<entry key="175" type="xint" value="173"/>
<entry key="176" type="xint" value="174"/>
<entry key="177" type="xint" value="175"/>
<entry key="178" type="xint" value="176"/>
<entry key="179" type="xint" value="177"/>
<entry key="180" type="xint" value="178"/>
<entry key="181" type="xint" value="179"/>
<entry key="182" type="xint" value="180"/>
<entry key="183" type="xint" value="181"/>
<entry key="184" type="xint" value="182"/>
<entry key="185" type="xint" value="183"/>
<entry key="186" type="xint" value="184"/>
<entry key="187" type="xint" value="185"/>
<entry key="188" type="xint" value="186"/>
<entry key="189" type="xint" value="187"/>
<entry key="190" type="xint" value="188"/>
<entry key="191" type="xint" value="189"/>
<entry key="192" type="xint" value="190"/>
<entry key="193" type="xint" value="191"/>
<entry key="194" type="xint" value="192"/>
<entry key="195" type="xint" value="193"/>
<entry key="196" type="xint" value="194"/>
<entry key="197" type="xint" value="195"/>
<entry key="198" type="xint" value="196"/>
<entry key="199" type="xint" value="197"/>
<entry key="200" type="xint" value="198"/>
<entry key="201" type="xint" value="199"/>
<entry key="202" type="xint" value="200"/>
<entry key="203" type="xint" value="201"/>
<entry key="204" type="xint" value="202"/>
<entry key="205" type="xint" value="203"/>
<entry key="206" type="xint" value="204"/>
<entry key="207" type="xint" value="205"/>
<entry key="208" type="xint" value="206"/>
<entry key="209" type="xint" value="207"/>
<entry key="210" type="xint" value="208"/>
<entry key="211" type="xint" value="209"/>
<entry key="212" type="xint" value="210"/>
<entry key="213" type="xint" value="211"/>
<entry key="214" type="xint" value="212"/>
<entry key="215" type="xint" value="213"/>
<entry key="216" type="xint" value="214"/>
<entry key="217" type="xint" value="215"/>
<entry key="218" type="xint" value="216"/>
<entry key="219" type="xint" value="217"/>
<entry key="220" type="xint" value="218"/>
<entry key="221" type="xint" value="219"/>
<entry key="222" type="xint" value="220"/>
<entry key="223" type="xint" value="221"/>
<entry key="224" type="xint" value="222"/>
<entry key="225" type="xint" value="223"/>
<entry key="226" type="xint" value="224"/>
<entry key="227" type="xint" value="225"/>
<entry key="228" type="xint" value="226"/>
<entry key="229" type="xint" value="227"/>
<entry key="230" type="xint" value="228"/>
<entry key="231" type="xint" value="229"/>
<entry key="232" type="xint" value="230"/>
<entry key="233" type="xint" value="231"/>
<entry key="234" type="xint" value="232"/>
<entry key="235" type="xint" value="233"/>
<entry key="236" type="xint" value="234"/>
<entry key="237" type="xint" value="235"/>
<entry key="238" type="xint" value="236"/>
<entry key="239" type="xint" value="237"/>
<entry key="240" type="xint" value="238"/>
<entry key="241" type="xint" value="239"/>
<entry key="242" type="xint" value="240"/>
<entry key="243" type="xint" value="241"/>
<entry key="244" type="xint" value="242"/>
<entry key="245" type="xint" value="243"/>
<entry key="246" type="xint" value="244"/>
<entry key="247" type="xint" value="245"/>
<entry key="248" type="xint" value="246"/>
<entry key="249" type="xint" value="247"/>
<entry key="250" type="xint" value="248"/>
<entry key="251" type="xint" value="249"/>
<entry key="252" type="xint" value="250"/>
<entry key="253" type="xint" value="251"/>
<entry key="254" type="xint" value="252"/>
<entry key="255" type="xint" value="253"/>
<entry key="256" type="xint" value="254"/>
<entry key="257" type="xint" value="255"/>
<entry key="258" type="xint" value="256"/>
<entry key="259" type="xint" value="257"/>
<entry key="260" type="xint" value="258"/>
<entry key="261" type="xint" value="259"/>
<entry key="262" type="xint" value="260"/>
<entry key="263" type="xint" value="261"/>
<entry key="264" type="xint" value="262"/>
<entry key="265" type="xint" value="263"/>
<entry key="266" type="xint" value="264"/>
<entry key="267" type="xint" value="265"/>
<entry key="268" type="xint" value="266"/>
<entry key="269" type="xint" value="267"/>
<entry key="270" type="xint" value="268"/>
<entry key="271" type="xint" value="269"/>
<entry key="272" type="xint" value="270"/>
<entry key="273" type="xint" value="271"/>
<entry key="274" type="xint" value="272"/>
<entry key="275" type="xint" value="273"/>
<entry key="276" type="xint" value="274"/>
<entry key="277" type="xint" value="275"/>
<entry key="278" type="xint" value="276"/>
<entry key="279" type="xint" value="277"/>
<entry key="280" type="xint" value="278"/>
<entry key="281" type="xint" value="279"/>
<entry key="282" type="xint" value="280"/>
<entry key="283" type="xint" value="281"/>
<entry key="284" type="xint" value="282"/>
<entry key="285" type="xint" value="283"/>
<entry key="286" type="xint" value="284"/>
<entry key="287" type="xint" value="285"/>
<entry key="288" type="xint" value="286"/>
<entry key="289" type="xint" value="287"/>
<entry key="290" type="xint" value="288"/>
<entry key="291" type="xint" value="289"/>
<entry key="292" type="xint" value="290"/>
<entry key="293" type="xint" value="291"/>
<entry key="294" type="xint" value="292"/>
<entry key="295" type="xint" value="293"/>
<entry key="296" type="xint" value="294"/>
<entry key="297" type="xint" value="295"/>
<entry key="298" type="xint" value="296"/>
<entry key="299" type="xint" value="297"/>
<entry key="300" type="xint" value="298"/>
<entry key="301" type="xint" value="299"/>
<entry key="302" type="xint" value="300"/>
<entry key="303" type="xint" value="301"/>
<entry key="304" type="xint" value="302"/>
<entry key="305" type="xint" value="303"/>
<entry key="306" type="xint" value="304"/>
<entry key="307" type="xint" value="305"/>
<entry key="308" type="xint" value="306"/>
<entry key="309" type="xint" value="307"/>
<entry key="310" type="xint" value="308"/>
<entry key="311" type="xint" value="309"/>
<entry key="312" type="xint" value="310"/>
<entry key="313" type="xint" value="311"/>
<entry key="314" type="xint" value="312"/>
<entry key="315" type="xint" value="313"/>
<entry key="316" type="xint" value="314"/>
<entry key="317" type="xint" value="315"/>
<entry key="318" type="xint" value="316"/>
<entry key="319" type="xint" value="317"/>
<entry key="320" type="xint" value="318"/>
<entry key="321" type="xint" value="319"/>
<entry key="322" type="xint" value="320"/>
<entry key="323" type="xint" value="321"/>
<entry key="324" type="xint" value="322"/>
<entry key="325" type="xint" value="323"/>
<entry key="326" type="xint" value="324"/>
<entry key="327" type="xint" value="325"/>
<entry key="328" type="xint" value="326"/>
<entry key="329" type="xint" value="327"/>
<entry key="330" type="xint" value="328"/>
<entry key="331" type="xint" value="329"/>
<entry key="332" type="xint" value="330"/>
<entry key="333" type="xint" value="331"/>
<entry key="334" type="xint" value="332"/>
<entry key="335" type="xint" value="333"/>
<entry key="336" type="xint" value="334"/>
<entry key="337" type="xint" value="335"/>
<entry key="338" type="xint" value="336"/>
<entry key="339" type="xint" value="337"/>
<entry key="340" type="xint" value="338"/>
<entry key="341" type="xint" value="339"/>
<entry key="342" type="xint" value="340"/>
<entry key="343" type="xint" value="341"/>
<entry key="344" type="xint" value="342"/>
<entry key="345" type="xint" value="343"/>
<entry key="346" type="xint" value="344"/>
<entry key="347" type="xint" value="345"/>
<entry key="348" type="xint" value="346"/>
<entry key="349" type="xint" value="347"/>
<entry key="350" type="xint" value="348"/>
<entry key="351" type="xint" value="349"/>
<entry key="352" type="xint" value="350"/>
<entry key="353" type="xint" value="351"/>
<entry key="354" type="xint" value="352"/>
<entry key="355" type="xint" value="353"/>
<entry key="356" type="xint" value="354"/>
<entry key="357" type="xint" value="355"/>
<entry key="358" type="xint" value="356"/>
<entry key="359" type="xint" value="357"/>
<entry key="360" type="xint" value="358"/>
<entry key="361" type="xint" value="359"/>
<entry key="362" type="xint" value="360"/>
<entry key="363" type="xint" value="361"/>
<entry key="364" type="xint" value="362"/>
<entry key="365" type="xint" value="363"/>
<entry key="366" type="xint" value="364"/>
<entry key="367" type="xint" value="365"/>
<entry key="368" type="xint" value="366"/>
<entry key="369" type="xint" value="367"/>
<entry key="370" type="xint" value="368"/>
<entry key="371" type="xint" value="369"/>
<entry key="372" type="xint" value="370"/>
<entry key="373" type="xint" value="371"/>
<entry key="374" type="xint" value="372"/>
<entry key="375" type="xint" value="373"/>
<entry key="376" type="xint" value="374"/>
<entry key="377" type="xint" value="375"/>
<entry key="378" type="xint" value="376"/>
<entry key="379" type="xint" value="377"/>
<entry key="380" type="xint" value="378"/>
<entry key="381" type="xint" value="379"/>
<entry key="382" type="xint" value="380"/>
<entry key="383" type="xint" value="381"/>
<entry key="384" type="xint" value="382"/>
<entry key="385" type="xint" value="383"/>
<entry key="386" type="xint" value="384"/>
<entry key="387" type="xint" value="385"/>
<entry key="388" type="xint" value="386"/>
<entry key="389" type="xint" value="387"/>
<entry key="390" type="xint" value="388"/>
<entry key="391" type="xint" value="389"/>
<entry key="392" type="xint" value="390"/>
<entry key="393" type="xint" value="391"/>
<entry key="394" type="xint" value="392"/>
<entry key="395" type="xint" value="393"/>
<entry key="396" type="xint" value="394"/>
<entry key="397" type="xint" value="395"/>
<entry key="398" type="xint" value="396"/>
<entry key="399" type="xint" value="397"/>
<entry key="400" type="xint" value="398"/>
<entry key="401" type="xint" value="399"/>
<entry key="402" type="xint" value="400"/>
<entry key="403" type="xint" value="401"/>
<entry key="404" type="xint" value="402"/>
<entry key="405" type="xint" value="403"/>
<entry key="406" type="xint" value="404"/>
<entry key="407" type="xint" value="405"/>
<entry key="408" type="xint" value="406"/>
<entry key="409" type="xint" value="407"/>
<entry key="410" type="xint" value="408"/>
<entry key="411" type="xint" value="409"/>
<entry key="412" type="xint" value="410"/>
<entry key="413" type="xint" value="411"/>
<entry key="414" type="xint" value="412"/>
<entry key="415" type="xint" value="413"/>
<entry key="416" type="xint" value="414"/>
<entry key="417" type="xint" value="415"/>
<entry key="418" type="xint" value="416"/>
<entry key="419" type="xint" value="417"/>
<entry key="420" type="xint" value="418"/>
<entry key="421" type="xint" value="419"/>
<entry key="422" type="xint" value="420"/>
<entry key="423" type="xint" value="421"/>
<entry key="424" type="xint" value="422"/>
<entry key="425" type="xint" value="423"/>
<entry key="426" type="xint" value="424"/>
<entry key="427" type="xint" value="425"/>
<entry key="428" type="xint" value="426"/>
<entry key="429" type="xint" value="427"/>
<entry key="430" type="xint" value="428"/>
<entry key="431" type="xint" value="429"/>
<entry key="432" type="xint" value="430"/>
<entry key="433" type="xint" value="431"/>
<entry key="434" type="xint" value="432"/>
<entry key="435" type="xint" value="433"/>
<entry key="436" type="xint" value="434"/>
<entry key="437" type="xint" value="435"/>
<entry key="438" type="xint" value="436"/>
<entry key="439" type="xint" value="437"/>
<entry key="440" type="xint" value="438"/>
<entry key="441" type="xint" value="439"/>
<entry key="442" type="xint" value="440"/>
<entry key="443" type="xint" value="441"/>
<entry key="444" type="xint" value="442"/>
<entry key="445" type="xint" value="443"/>
<entry key="446" type="xint" value="444"/>
<entry key="447" type="xint" value="445"/>
<entry key="448" type="xint" value="446"/>
<entry key="449" type="xint" value="447"/>
<entry key="450" type="xint" value="448"/>
<entry key="451" type="xint" value="449"/>
<entry key="452" type="xint" value="450"/>
<entry key="453" type="xint" value="451"/>
<entry key="454" type="xint" value="452"/>
<entry key="455" type="xint" value="453"/>
<entry key="456" type="xint" value="454"/>
<entry key="457" type="xint" value="455"/>
<entry key="458" type="xint" value="456"/>
<entry key="459" type="xint" value="457"/>
<entry key="460" type="xint" value="458"/>
<entry key="461" type="xint" value="459"/>
<entry key="462" type="xint" value="460"/>
<entry key="463" type="xint" value="461"/>
<entry key="464" type="xint" value="462"/>
<entry key="465" type="xint" value="463"/>
<entry key="466" type="xint" value="464"/>
<entry key="467" type="xint" value="465"/>
<entry key="468" type="xint" value="466"/>
<entry key="469" type="xint" value="467"/>
<entry key="470" type="xint" value="468"/>
<entry key="471" type="xint" value="469"/>
<entry key="472" type="xint" value="470"/>
<entry key="473" type="xint" value="471"/>
<entry key="474" type="xint" value="472"/>
<entry key="475" type="xint" value="473"/>
<entry key="476" type="xint" value="474"/>
<entry key="477" type="xint" value="475"/>
<entry key="478" type="xint" value="476"/>
<entry key="479" type="xint" value="477"/>
<entry key="480" type="xint" value="478"/>
<entry key="481" type="xint" value="479"/>
<entry key="482" type="xint" value="480"/>
</config>
<config key="table_internal_flags">
<entry key="array-size" type="xint" value="483"/>
<entry key="0" type="xboolean" value="true"/>
<entry key="1" type="xboolean" value="true"/>
<entry key="2" type="xboolean" value="false"/>
<entry key="3" type="xboolean" value="false"/>
<entry key="4" type="xboolean" value="false"/>
<entry key="5" type="xboolean" value="false"/>
<entry key="6" type="xboolean" value="false"/>
<entry key="7" type="xboolean" value="false"/>
<entry key="8" type="xboolean" value="false"/>
<entry key="9" type="xboolean" value="false"/>
<entry key="10" type="xboolean" value="false"/>
<entry key="11" type="xboolean" value="false"/>
<entry key="12" type="xboolean" value="false"/>
<entry key="13" type="xboolean" value="false"/>
<entry key="14" type="xboolean" value="false"/>
<entry key="15" type="xboolean" value="false"/>
<entry key="16" type="xboolean" value="false"/>
<entry key="17" type="xboolean" value="false"/>
<entry key="18" type="xboolean" value="false"/>
<entry key="19" type="xboolean" value="false"/>
<entry key="20" type="xboolean" value="false"/>
<entry key="21" type="xboolean" value="false"/>
<entry key="22" type="xboolean" value="false"/>
<entry key="23" type="xboolean" value="false"/>
<entry key="24" type="xboolean" value="false"/>
<entry key="25" type="xboolean" value="false"/>
<entry key="26" type="xboolean" value="false"/>
<entry key="27" type="xboolean" value="false"/>
<entry key="28" type="xboolean" value="false"/>
<entry key="29" type="xboolean" value="false"/>
<entry key="30" type="xboolean" value="false"/>
<entry key="31" type="xboolean" value="false"/>
<entry key="32" type="xboolean" value="false"/>
<entry key="33" type="xboolean" value="false"/>
<entry key="34" type="xboolean" value="false"/>
<entry key="35" type="xboolean" value="false"/>
<entry key="36" type="xboolean" value="false"/>
<entry key="37" type="xboolean" value="false"/>
<entry key="38" type="xboolean" value="false"/>
<entry key="39" type="xboolean" value="false"/>
<entry key="40" type="xboolean" value="false"/>
<entry key="41" type="xboolean" value="false"/>
<entry key="42" type="xboolean" value="false"/>
<entry key="43" type="xboolean" value="false"/>
<entry key="44" type="xboolean" value="false"/>
<entry key="45" type="xboolean" value="false"/>
<entry key="46" type="xboolean" value="false"/>
<entry key="47" type="xboolean" value="false"/>
<entry key="48" type="xboolean" value="false"/>
<entry key="49" type="xboolean" value="false"/>
<entry key="50" type="xboolean" value="false"/>
<entry key="51" type="xboolean" value="false"/>
<entry key="52" type="xboolean" value="false"/>
<entry key="53" type="xboolean" value="false"/>
<entry key="54" type="xboolean" value="false"/>
<entry key="55" type="xboolean" value="false"/>
<entry key="56" type="xboolean" value="false"/>
<entry key="57" type="xboolean" value="false"/>
<entry key="58" type="xboolean" value="false"/>
<entry key="59" type="xboolean" value="false"/>
<entry key="60" type="xboolean" value="false"/>
<entry key="61" type="xboolean" value="false"/>
<entry key="62" type="xboolean" value="false"/>
<entry key="63" type="xboolean" value="false"/>
<entry key="64" type="xboolean" value="false"/>
<entry key="65" type="xboolean" value="false"/>
<entry key="66" type="xboolean" value="false"/>
<entry key="67" type="xboolean" value="false"/>
<entry key="68" type="xboolean" value="false"/>
<entry key="69" type="xboolean" value="false"/>
<entry key="70" type="xboolean" value="false"/>
<entry key="71" type="xboolean" value="false"/>
<entry key="72" type="xboolean" value="false"/>
<entry key="73" type="xboolean" value="false"/>
<entry key="74" type="xboolean" value="false"/>
<entry key="75" type="xboolean" value="false"/>
<entry key="76" type="xboolean" value="false"/>
<entry key="77" type="xboolean" value="false"/>
<entry key="78" type="xboolean" value="false"/>
<entry key="79" type="xboolean" value="false"/>
<entry key="80" type="xboolean" value="false"/>
<entry key="81" type="xboolean" value="false"/>
<entry key="82" type="xboolean" value="false"/>
<entry key="83" type="xboolean" value="false"/>
<entry key="84" type="xboolean" value="false"/>
<entry key="85" type="xboolean" value="false"/>
<entry key="86" type="xboolean" value="false"/>
<entry key="87" type="xboolean" value="false"/>
<entry key="88" type="xboolean" value="false"/>
<entry key="89" type="xboolean" value="false"/>
<entry key="90" type="xboolean" value="false"/>
<entry key="91" type="xboolean" value="false"/>
<entry key="92" type="xboolean" value="false"/>
<entry key="93" type="xboolean" value="false"/>
<entry key="94" type="xboolean" value="false"/>
<entry key="95" type="xboolean" value="false"/>
<entry key="96" type="xboolean" value="false"/>
<entry key="97" type="xboolean" value="false"/>
<entry key="98" type="xboolean" value="false"/>
<entry key="99" type="xboolean" value="false"/>
<entry key="100" type="xboolean" value="false"/>
<entry key="101" type="xboolean" value="false"/>
<entry key="102" type="xboolean" value="false"/>
<entry key="103" type="xboolean" value="false"/>
<entry key="104" type="xboolean" value="false"/>
<entry key="105" type="xboolean" value="false"/>
<entry key="106" type="xboolean" value="false"/>
<entry key="107" type="xboolean" value="false"/>
<entry key="108" type="xboolean" value="false"/>
<entry key="109" type="xboolean" value="false"/>
<entry key="110" type="xboolean" value="false"/>
<entry key="111" type="xboolean" value="false"/>
<entry key="112" type="xboolean" value="false"/>
<entry key="113" type="xboolean" value="false"/>
<entry key="114" type="xboolean" value="false"/>
<entry key="115" type="xboolean" value="false"/>
<entry key="116" type="xboolean" value="false"/>
<entry key="117" type="xboolean" value="false"/>
<entry key="118" type="xboolean" value="false"/>
<entry key="119" type="xboolean" value="false"/>
<entry key="120" type="xboolean" value="false"/>
<entry key="121" type="xboolean" value="false"/>
<entry key="122" type="xboolean" value="false"/>
<entry key="123" type="xboolean" value="false"/>
<entry key="124" type="xboolean" value="false"/>
<entry key="125" type="xboolean" value="false"/>
<entry key="126" type="xboolean" value="false"/>
<entry key="127" type="xboolean" value="false"/>
<entry key="128" type="xboolean" value="false"/>
<entry key="129" type="xboolean" value="false"/>
<entry key="130" type="xboolean" value="false"/>
<entry key="131" type="xboolean" value="false"/>
<entry key="132" type="xboolean" value="false"/>
<entry key="133" type="xboolean" value="false"/>
<entry key="134" type="xboolean" value="false"/>
<entry key="135" type="xboolean" value="false"/>
<entry key="136" type="xboolean" value="false"/>
<entry key="137" type="xboolean" value="false"/>
<entry key="138" type="xboolean" value="false"/>
<entry key="139" type="xboolean" value="false"/>
<entry key="140" type="xboolean" value="false"/>
<entry key="141" type="xboolean" value="false"/>
<entry key="142" type="xboolean" value="false"/>
<entry key="143" type="xboolean" value="false"/>
<entry key="144" type="xboolean" value="false"/>
<entry key="145" type="xboolean" value="false"/>
<entry key="146" type="xboolean" value="false"/>
<entry key="147" type="xboolean" value="false"/>
<entry key="148" type="xboolean" value="false"/>
<entry key="149" type="xboolean" value="false"/>
<entry key="150" type="xboolean" value="false"/>
<entry key="151" type="xboolean" value="false"/>
<entry key="152" type="xboolean" value="false"/>
<entry key="153" type="xboolean" value="false"/>
<entry key="154" type="xboolean" value="false"/>
<entry key="155" type="xboolean" value="false"/>
<entry key="156" type="xboolean" value="false"/>
<entry key="157" type="xboolean" value="false"/>
<entry key="158" type="xboolean" value="false"/>
<entry key="159" type="xboolean" value="false"/>
<entry key="160" type="xboolean" value="false"/>
<entry key="161" type="xboolean" value="false"/>
<entry key="162" type="xboolean" value="false"/>
<entry key="163" type="xboolean" value="false"/>
<entry key="164" type="xboolean" value="false"/>
<entry key="165" type="xboolean" value="false"/>
<entry key="166" type="xboolean" value="false"/>
<entry key="167" type="xboolean" value="false"/>
<entry key="168" type="xboolean" value="false"/>
<entry key="169" type="xboolean" value="false"/>
<entry key="170" type="xboolean" value="false"/>
<entry key="171" type="xboolean" value="false"/>
<entry key="172" type="xboolean" value="false"/>
<entry key="173" type="xboolean" value="false"/>
<entry key="174" type="xboolean" value="false"/>
<entry key="175" type="xboolean" value="false"/>
<entry key="176" type="xboolean" value="false"/>
<entry key="177" type="xboolean" value="false"/>
<entry key="178" type="xboolean" value="false"/>
<entry key="179" type="xboolean" value="false"/>
<entry key="180" type="xboolean" value="false"/>
<entry key="181" type="xboolean" value="false"/>
<entry key="182" type="xboolean" value="false"/>
<entry key="183" type="xboolean" value="false"/>
<entry key="184" type="xboolean" value="false"/>
<entry key="185" type="xboolean" value="false"/>
<entry key="186" type="xboolean" value="false"/>
<entry key="187" type="xboolean" value="false"/>
<entry key="188" type="xboolean" value="false"/>
<entry key="189" type="xboolean" value="false"/>
<entry key="190" type="xboolean" value="false"/>
<entry key="191" type="xboolean" value="false"/>
<entry key="192" type="xboolean" value="false"/>
<entry key="193" type="xboolean" value="false"/>
<entry key="194" type="xboolean" value="false"/>
<entry key="195" type="xboolean" value="false"/>
<entry key="196" type="xboolean" value="false"/>
<entry key="197" type="xboolean" value="false"/>
<entry key="198" type="xboolean" value="false"/>
<entry key="199" type="xboolean" value="false"/>
<entry key="200" type="xboolean" value="false"/>
<entry key="201" type="xboolean" value="false"/>
<entry key="202" type="xboolean" value="false"/>
<entry key="203" type="xboolean" value="false"/>
<entry key="204" type="xboolean" value="false"/>
<entry key="205" type="xboolean" value="false"/>
<entry key="206" type="xboolean" value="false"/>
<entry key="207" type="xboolean" value="false"/>
<entry key="208" type="xboolean" value="false"/>
<entry key="209" type="xboolean" value="false"/>
<entry key="210" type="xboolean" value="false"/>
<entry key="211" type="xboolean" value="false"/>
<entry key="212" type="xboolean" value="false"/>
<entry key="213" type="xboolean" value="false"/>
<entry key="214" type="xboolean" value="false"/>
<entry key="215" type="xboolean" value="false"/>
<entry key="216" type="xboolean" value="false"/>
<entry key="217" type="xboolean" value="false"/>
<entry key="218" type="xboolean" value="false"/>
<entry key="219" type="xboolean" value="false"/>
<entry key="220" type="xboolean" value="false"/>
<entry key="221" type="xboolean" value="false"/>
<entry key="222" type="xboolean" value="false"/>
<entry key="223" type="xboolean" value="false"/>
<entry key="224" type="xboolean" value="false"/>
<entry key="225" type="xboolean" value="false"/>
<entry key="226" type="xboolean" value="false"/>
<entry key="227" type="xboolean" value="false"/>
<entry key="228" type="xboolean" value="false"/>
<entry key="229" type="xboolean" value="false"/>
<entry key="230" type="xboolean" value="false"/>
<entry key="231" type="xboolean" value="false"/>
<entry key="232" type="xboolean" value="false"/>
<entry key="233" type="xboolean" value="false"/>
<entry key="234" type="xboolean" value="false"/>
<entry key="235" type="xboolean" value="false"/>
<entry key="236" type="xboolean" value="false"/>
<entry key="237" type="xboolean" value="false"/>
<entry key="238" type="xboolean" value="false"/>
<entry key="239" type="xboolean" value="false"/>
<entry key="240" type="xboolean" value="false"/>
<entry key="241" type="xboolean" value="false"/>
<entry key="242" type="xboolean" value="false"/>
<entry key="243" type="xboolean" value="false"/>
<entry key="244" type="xboolean" value="false"/>
<entry key="245" type="xboolean" value="false"/>
<entry key="246" type="xboolean" value="false"/>
<entry key="247" type="xboolean" value="false"/>
<entry key="248" type="xboolean" value="false"/>
<entry key="249" type="xboolean" value="false"/>
<entry key="250" type="xboolean" value="false"/>
<entry key="251" type="xboolean" value="false"/>
<entry key="252" type="xboolean" value="false"/>
<entry key="253" type="xboolean" value="false"/>
<entry key="254" type="xboolean" value="false"/>
<entry key="255" type="xboolean" value="false"/>
<entry key="256" type="xboolean" value="false"/>
<entry key="257" type="xboolean" value="false"/>
<entry key="258" type="xboolean" value="false"/>
<entry key="259" type="xboolean" value="false"/>
<entry key="260" type="xboolean" value="false"/>
<entry key="261" type="xboolean" value="false"/>
<entry key="262" type="xboolean" value="false"/>
<entry key="263" type="xboolean" value="false"/>
<entry key="264" type="xboolean" value="false"/>
<entry key="265" type="xboolean" value="false"/>
<entry key="266" type="xboolean" value="false"/>
<entry key="267" type="xboolean" value="false"/>
<entry key="268" type="xboolean" value="false"/>
<entry key="269" type="xboolean" value="false"/>
<entry key="270" type="xboolean" value="false"/>
<entry key="271" type="xboolean" value="false"/>
<entry key="272" type="xboolean" value="false"/>
<entry key="273" type="xboolean" value="false"/>
<entry key="274" type="xboolean" value="false"/>
<entry key="275" type="xboolean" value="false"/>
<entry key="276" type="xboolean" value="false"/>
<entry key="277" type="xboolean" value="false"/>
<entry key="278" type="xboolean" value="false"/>
<entry key="279" type="xboolean" value="false"/>
<entry key="280" type="xboolean" value="false"/>
<entry key="281" type="xboolean" value="false"/>
<entry key="282" type="xboolean" value="false"/>
<entry key="283" type="xboolean" value="false"/>
<entry key="284" type="xboolean" value="false"/>
<entry key="285" type="xboolean" value="false"/>
<entry key="286" type="xboolean" value="false"/>
<entry key="287" type="xboolean" value="false"/>
<entry key="288" type="xboolean" value="false"/>
<entry key="289" type="xboolean" value="false"/>
<entry key="290" type="xboolean" value="false"/>
<entry key="291" type="xboolean" value="false"/>
<entry key="292" type="xboolean" value="false"/>
<entry key="293" type="xboolean" value="false"/>
<entry key="294" type="xboolean" value="false"/>
<entry key="295" type="xboolean" value="false"/>
<entry key="296" type="xboolean" value="false"/>
<entry key="297" type="xboolean" value="false"/>
<entry key="298" type="xboolean" value="false"/>
<entry key="299" type="xboolean" value="false"/>
<entry key="300" type="xboolean" value="false"/>
<entry key="301" type="xboolean" value="false"/>
<entry key="302" type="xboolean" value="false"/>
<entry key="303" type="xboolean" value="false"/>
<entry key="304" type="xboolean" value="false"/>
<entry key="305" type="xboolean" value="false"/>
<entry key="306" type="xboolean" value="false"/>
<entry key="307" type="xboolean" value="false"/>
<entry key="308" type="xboolean" value="false"/>
<entry key="309" type="xboolean" value="false"/>
<entry key="310" type="xboolean" value="false"/>
<entry key="311" type="xboolean" value="false"/>
<entry key="312" type="xboolean" value="false"/>
<entry key="313" type="xboolean" value="false"/>
<entry key="314" type="xboolean" value="false"/>
<entry key="315" type="xboolean" value="false"/>
<entry key="316" type="xboolean" value="false"/>
<entry key="317" type="xboolean" value="false"/>
<entry key="318" type="xboolean" value="false"/>
<entry key="319" type="xboolean" value="false"/>
<entry key="320" type="xboolean" value="false"/>
<entry key="321" type="xboolean" value="false"/>
<entry key="322" type="xboolean" value="false"/>
<entry key="323" type="xboolean" value="false"/>
<entry key="324" type="xboolean" value="false"/>
<entry key="325" type="xboolean" value="false"/>
<entry key="326" type="xboolean" value="false"/>
<entry key="327" type="xboolean" value="false"/>
<entry key="328" type="xboolean" value="false"/>
<entry key="329" type="xboolean" value="false"/>
<entry key="330" type="xboolean" value="false"/>
<entry key="331" type="xboolean" value="false"/>
<entry key="332" type="xboolean" value="false"/>
<entry key="333" type="xboolean" value="false"/>
<entry key="334" type="xboolean" value="false"/>
<entry key="335" type="xboolean" value="false"/>
<entry key="336" type="xboolean" value="false"/>
<entry key="337" type="xboolean" value="false"/>
<entry key="338" type="xboolean" value="false"/>
<entry key="339" type="xboolean" value="false"/>
<entry key="340" type="xboolean" value="false"/>
<entry key="341" type="xboolean" value="false"/>
<entry key="342" type="xboolean" value="false"/>
<entry key="343" type="xboolean" value="false"/>
<entry key="344" type="xboolean" value="false"/>
<entry key="345" type="xboolean" value="false"/>
<entry key="346" type="xboolean" value="false"/>
<entry key="347" type="xboolean" value="false"/>
<entry key="348" type="xboolean" value="false"/>
<entry key="349" type="xboolean" value="false"/>
<entry key="350" type="xboolean" value="false"/>
<entry key="351" type="xboolean" value="false"/>
<entry key="352" type="xboolean" value="false"/>
<entry key="353" type="xboolean" value="false"/>
<entry key="354" type="xboolean" value="false"/>
<entry key="355" type="xboolean" value="false"/>
<entry key="356" type="xboolean" value="false"/>
<entry key="357" type="xboolean" value="false"/>
<entry key="358" type="xboolean" value="false"/>
<entry key="359" type="xboolean" value="false"/>
<entry key="360" type="xboolean" value="false"/>
<entry key="361" type="xboolean" value="false"/>
<entry key="362" type="xboolean" value="false"/>
<entry key="363" type="xboolean" value="false"/>
<entry key="364" type="xboolean" value="false"/>
<entry key="365" type="xboolean" value="false"/>
<entry key="366" type="xboolean" value="false"/>
<entry key="367" type="xboolean" value="false"/>
<entry key="368" type="xboolean" value="false"/>
<entry key="369" type="xboolean" value="false"/>
<entry key="370" type="xboolean" value="false"/>
<entry key="371" type="xboolean" value="false"/>
<entry key="372" type="xboolean" value="false"/>
<entry key="373" type="xboolean" value="false"/>
<entry key="374" type="xboolean" value="false"/>
<entry key="375" type="xboolean" value="false"/>
<entry key="376" type="xboolean" value="false"/>
<entry key="377" type="xboolean" value="false"/>
<entry key="378" type="xboolean" value="false"/>
<entry key="379" type="xboolean" value="false"/>
<entry key="380" type="xboolean" value="false"/>
<entry key="381" type="xboolean" value="false"/>
<entry key="382" type="xboolean" value="false"/>
<entry key="383" type="xboolean" value="false"/>
<entry key="384" type="xboolean" value="false"/>
<entry key="385" type="xboolean" value="false"/>
<entry key="386" type="xboolean" value="false"/>
<entry key="387" type="xboolean" value="false"/>
<entry key="388" type="xboolean" value="false"/>
<entry key="389" type="xboolean" value="false"/>
<entry key="390" type="xboolean" value="false"/>
<entry key="391" type="xboolean" value="false"/>
<entry key="392" type="xboolean" value="false"/>
<entry key="393" type="xboolean" value="false"/>
<entry key="394" type="xboolean" value="false"/>
<entry key="395" type="xboolean" value="false"/>
<entry key="396" type="xboolean" value="false"/>
<entry key="397" type="xboolean" value="false"/>
<entry key="398" type="xboolean" value="false"/>
<entry key="399" type="xboolean" value="false"/>
<entry key="400" type="xboolean" value="false"/>
<entry key="401" type="xboolean" value="false"/>
<entry key="402" type="xboolean" value="false"/>
<entry key="403" type="xboolean" value="false"/>
<entry key="404" type="xboolean" value="false"/>
<entry key="405" type="xboolean" value="false"/>
<entry key="406" type="xboolean" value="false"/>
<entry key="407" type="xboolean" value="false"/>
<entry key="408" type="xboolean" value="false"/>
<entry key="409" type="xboolean" value="false"/>
<entry key="410" type="xboolean" value="false"/>
<entry key="411" type="xboolean" value="false"/>
<entry key="412" type="xboolean" value="false"/>
<entry key="413" type="xboolean" value="false"/>
<entry key="414" type="xboolean" value="false"/>
<entry key="415" type="xboolean" value="false"/>
<entry key="416" type="xboolean" value="false"/>
<entry key="417" type="xboolean" value="false"/>
<entry key="418" type="xboolean" value="false"/>
<entry key="419" type="xboolean" value="false"/>
<entry key="420" type="xboolean" value="false"/>
<entry key="421" type="xboolean" value="false"/>
<entry key="422" type="xboolean" value="false"/>
<entry key="423" type="xboolean" value="false"/>
<entry key="424" type="xboolean" value="false"/>
<entry key="425" type="xboolean" value="false"/>
<entry key="426" type="xboolean" value="false"/>
<entry key="427" type="xboolean" value="false"/>
<entry key="428" type="xboolean" value="false"/>
<entry key="429" type="xboolean" value="false"/>
<entry key="430" type="xboolean" value="false"/>
<entry key="431" type="xboolean" value="false"/>
<entry key="432" type="xboolean" value="false"/>
<entry key="433" type="xboolean" value="false"/>
<entry key="434" type="xboolean" value="false"/>
<entry key="435" type="xboolean" value="false"/>
<entry key="436" type="xboolean" value="false"/>
<entry key="437" type="xboolean" value="false"/>
<entry key="438" type="xboolean" value="false"/>
<entry key="439" type="xboolean" value="false"/>
<entry key="440" type="xboolean" value="false"/>
<entry key="441" type="xboolean" value="false"/>
<entry key="442" type="xboolean" value="false"/>
<entry key="443" type="xboolean" value="false"/>
<entry key="444" type="xboolean" value="false"/>
<entry key="445" type="xboolean" value="false"/>
<entry key="446" type="xboolean" value="false"/>
<entry key="447" type="xboolean" value="false"/>
<entry key="448" type="xboolean" value="false"/>
<entry key="449" type="xboolean" value="false"/>
<entry key="450" type="xboolean" value="false"/>
<entry key="451" type="xboolean" value="false"/>
<entry key="452" type="xboolean" value="false"/>
<entry key="453" type="xboolean" value="false"/>
<entry key="454" type="xboolean" value="false"/>
<entry key="455" type="xboolean" value="false"/>
<entry key="456" type="xboolean" value="false"/>
<entry key="457" type="xboolean" value="false"/>
<entry key="458" type="xboolean" value="false"/>
<entry key="459" type="xboolean" value="false"/>
<entry key="460" type="xboolean" value="false"/>
<entry key="461" type="xboolean" value="false"/>
<entry key="462" type="xboolean" value="false"/>
<entry key="463" type="xboolean" value="false"/>
<entry key="464" type="xboolean" value="false"/>
<entry key="465" type="xboolean" value="false"/>
<entry key="466" type="xboolean" value="false"/>
<entry key="467" type="xboolean" value="false"/>
<entry key="468" type="xboolean" value="false"/>
<entry key="469" type="xboolean" value="false"/>
<entry key="470" type="xboolean" value="false"/>
<entry key="471" type="xboolean" value="false"/>
<entry key="472" type="xboolean" value="false"/>
<entry key="473" type="xboolean" value="false"/>
<entry key="474" type="xboolean" value="false"/>
<entry key="475" type="xboolean" value="false"/>
<entry key="476" type="xboolean" value="false"/>
<entry key="477" type="xboolean" value="false"/>
<entry key="478" type="xboolean" value="false"/>
<entry key="479" type="xboolean" value="false"/>
<entry key="480" type="xboolean" value="false"/>
<entry key="481" type="xboolean" value="false"/>
<entry key="482" type="xboolean" value="false"/>
</config>
</config>
<entry key="table_file_name" type="xstring" value="data.zip"/>
</config>
