<?xml version="1.0" encoding="UTF-8"?>
<config xmlns="http://www.knime.org/2008/09/XMLConfig" xmlns:xsi="http://www.w3.org/2001/XMLSchema-instance" xsi:schemaLocation="http://www.knime.org/2008/09/XMLConfig http://www.knime.org/XMLConfig_2008_09.xsd" key="settings.xml">
<entry key="name" type="xstring" value="Java Snippet"/>
<config key="model">
<entry key="scriptImports" type="xstring" value="// Your custom imports:%%00010import net.sf.picard.sam.SortSam;%%00010import java.io.File;%%00010"/>
<entry key="scriptFields" type="xstring" value="// Your custom variables:%%00010"/>
<entry key="scriptBody" type="xstring" value="// Enter your code here:%%00010%%00010%%00010File input=new File(c_BAM);%%00010%%00010out_SORTED = input.getName();%%00010if(!(out_SORTED.endsWith(&quot;.sam&quot;) || out_SORTED.endsWith(&quot;.bam&quot;)))%%00010{%%00010%%00009throw new Abort(&quot;not a SAM/BAM :&quot;+c_BAM);%%00010}%%00010int dot=out_SORTED.lastIndexOf('.');%%00010out_SORTED=new File(input.getParentFile(),out_SORTED.substring(0, dot)+&quot;_sorted.bam&quot;).getPath();%%00010%%00010SortSam cmd=new SortSam();%%00010%%00010int ret=cmd.instanceMain(new String[]{%%00010%%00009&quot;I=&quot;+input.getPath(),%%00010%%00009&quot;O=&quot;+out_SORTED,%%00010%%00009&quot;SO=coordinate&quot;,%%00010%%00009&quot;VALIDATION_STRINGENCY=LENIENT&quot;,%%00010%%00009&quot;CREATE_INDEX=true&quot;,%%00010%%00009&quot;MAX_RECORDS_IN_RAM=500000&quot;%%00010%%00009});%%00010%%00010if(ret!=0)%%00010{%%00010%%00009throw new Abort(&quot;SortSam failed with: &quot;+c_BAM+&quot; &quot;+out_SORTED);%%00010}%%00010"/>
<config key="jarFiles">
<entry key="array-size" type="xint" value="1"/>
<entry key="0" type="xstring" value="/home/lindenb/package/picard-tools-1.91/SortSam.jar"/>
</config>
<config key="outCols">
<entry key="array-size" type="xint" value="1"/>
<config key="0">
<entry key="Name" type="xstring" value="SORTED_BAM"/>
<entry key="JavaName" type="xstring" value="out_SORTED"/>
<entry key="JavaType" type="xstring" value="java.lang.String"/>
<config key="Type">
<entry key="cell_class" type="xstring" value="org.knime.core.data.def.StringCell"/>
<entry key="is_null" type="xboolean" value="false"/>
</config>
<entry key="replaceExisting" type="xboolean" value="false"/>
</config>
</config>
<config key="outVars">
<entry key="array-size" type="xint" value="0"/>
</config>
<config key="inCols">
<entry key="array-size" type="xint" value="1"/>
<config key="0">
<entry key="Name" type="xstring" value="BAM"/>
<entry key="JavaName" type="xstring" value="c_BAM"/>
<entry key="JavaType" type="xstring" value="java.lang.String"/>
<config key="Type">
<entry key="cell_class" type="xstring" value="org.knime.core.data.def.StringCell"/>
<entry key="is_null" type="xboolean" value="false"/>
</config>
</config>
</config>
<config key="inVars">
<entry key="array-size" type="xint" value="0"/>
</config>
<entry key="version" type="xstring" value="version 1.x"/>
<entry key="templateUUID" type="xstring" isnull="true" value=""/>
</config>
<entry key="hasContent" type="xboolean" value="true"/>
<entry key="isInactive" type="xboolean" value="false"/>
<config key="ports">
<config key="port_1">
<entry key="index" type="xint" value="1"/>
<entry key="port_spec_class" type="xstring" value="org.knime.core.data.DataTableSpec"/>
<entry key="port_object_class" type="xstring" value="org.knime.core.node.BufferedDataTable"/>
<entry key="port_object_summary" type="xstring" value="Rows: 15, Cols: 2"/>
<entry key="port_dir_location" type="xstring" value="port_1"/>
</config>
</config>
<config key="filestores">
<entry key="file_store_location" type="xstring" isnull="true" value=""/>
<entry key="file_store_id" type="xstring" value="b332e048-5425-47f4-85f1-4476c756fb4f"/>
</config>
</config>
