<?xml version="1.0" encoding="UTF-8"?>
<config xmlns="http://www.knime.org/2008/09/XMLConfig" xmlns:xsi="http://www.w3.org/2001/XMLSchema-instance" xsi:schemaLocation="http://www.knime.org/2008/09/XMLConfig http://www.knime.org/XMLConfig_2008_09.xsd" key="settings.xml">
<entry key="name" type="xstring" value="Column Filter"/>
<config key="model">
<entry key="selectionOption" type="xstring" value="EnforceExclusion"/>
<config key="exclude">
<entry key="array-size" type="xint" value="28"/>
<entry key="0" type="xstring" value="GT"/>
<entry key="1" type="xstring" value="samples.per.snp"/>
<entry key="2" type="xstring" value="hg19.snp132.bin"/>
<entry key="3" type="xstring" value="hg19.snp132.chrom"/>
<entry key="4" type="xstring" value="hg19.snp132.chromStart"/>
<entry key="5" type="xstring" value="hg19.snp132.chromEnd"/>
<entry key="6" type="xstring" value="hg19.snp132.name"/>
<entry key="7" type="xstring" value="hg19.snp132.score"/>
<entry key="8" type="xstring" value="hg19.snp132.strand"/>
<entry key="9" type="xstring" value="hg19.snp132.refNCBI"/>
<entry key="10" type="xstring" value="hg19.snp132.refUCSC"/>
<entry key="11" type="xstring" value="hg19.snp132.observed"/>
<entry key="12" type="xstring" value="hg19.snp132.molType"/>
<entry key="13" type="xstring" value="hg19.snp132.class"/>
<entry key="14" type="xstring" value="hg19.snp132.valid"/>
<entry key="15" type="xstring" value="hg19.snp132.avHet"/>
<entry key="16" type="xstring" value="hg19.snp132.avHetSE"/>
<entry key="17" type="xstring" value="hg19.snp132.func"/>
<entry key="18" type="xstring" value="hg19.snp132.locType"/>
<entry key="19" type="xstring" value="hg19.snp132.weight"/>
<entry key="20" type="xstring" value="hg19.snp132.exceptions"/>
<entry key="21" type="xstring" value="hg19.snp132.submitterCount"/>
<entry key="22" type="xstring" value="hg19.snp132.submitters"/>
<entry key="23" type="xstring" value="hg19.snp132.alleleFreqCount"/>
<entry key="24" type="xstring" value="hg19.snp132.alleles"/>
<entry key="25" type="xstring" value="hg19.snp132.alleleNs"/>
<entry key="26" type="xstring" value="hg19.snp132.alleleFreqs"/>
<entry key="27" type="xstring" value="hg19.snp132.bitfields"/>
</config>
</config>
<entry key="hasContent" type="xboolean" value="false"/>
<entry key="isInactive" type="xboolean" value="false"/>
<config key="ports">
<config key="port_1">
<entry key="index" type="xint" value="1"/>
<entry key="port_dir_location" type="xstring" isnull="true" value=""/>
</config>
</config>
</config>
