<?xml version="1.0" encoding="UTF-8"?>
<config xmlns="http://www.knime.org/2008/09/XMLConfig" xmlns:xsi="http://www.w3.org/2001/XMLSchema-instance" xsi:schemaLocation="http://www.knime.org/2008/09/XMLConfig http://www.knime.org/XMLConfig_2008_09.xsd" key="settings.xml">
<entry key="name" type="xstring" value="Column Filter"/>
<config key="model">
<entry key="selectionOption" type="xstring" value="EnforceExclusion"/>
<config key="exclude">
<entry key="array-size" type="xint" value="22"/>
<entry key="0" type="xstring" value="column1"/>
<entry key="1" type="xstring" value="CDK"/>
<entry key="2" type="xstring" value="CML"/>
<entry key="3" type="xstring" value="SMILES"/>
<entry key="4" type="xstring" value="CDK (H)"/>
<entry key="5" type="xstring" value="Signature 1"/>
<entry key="6" type="xstring" value="Signature 2"/>
<entry key="7" type="xstring" value="Signature 4"/>
<entry key="8" type="xstring" value="Signature 5"/>
<entry key="9" type="xstring" value="Signature 6"/>
<entry key="10" type="xstring" value="Mean(value)"/>
<entry key="11" type="xstring" value="Standard deviation(value)"/>
<entry key="12" type="xstring" value="Mean(value)s2"/>
<entry key="13" type="xstring" value="Standard deviation(value)s2"/>
<entry key="14" type="xstring" value="Mean(value)s3"/>
<entry key="15" type="xstring" value="Standard deviation(value)s3"/>
<entry key="16" type="xstring" value="Mean(value)s4"/>
<entry key="17" type="xstring" value="Standard deviation(value)s4"/>
<entry key="18" type="xstring" value="Mean(value)s5"/>
<entry key="19" type="xstring" value="Standard deviation(value)s5"/>
<entry key="20" type="xstring" value="Mean(value)s6"/>
<entry key="21" type="xstring" value="Standard deviation(value)s6"/>
</config>
</config>
<entry key="hasContent" type="xboolean" value="false"/>
<entry key="isInactive" type="xboolean" value="false"/>
<config key="ports">
<config key="port_1">
<entry key="index" type="xint" value="1"/>
<entry key="port_dir_location" type="xstring" isnull="true" value=""/>
</config>
</config>
</config>
