<?xml version="1.0" encoding="UTF-8"?>
<config xmlns="http://www.knime.org/2008/09/XMLConfig" xmlns:xsi="http://www.w3.org/2001/XMLSchema-instance" xsi:schemaLocation="http://www.knime.org/2008/09/XMLConfig http://www.knime.org/XMLConfig_2008_09.xsd" key="settings.xml">
<entry key="name" type="xstring" value="Uniq"/>
<config key="model">
<config key="left.col_Internals">
<entry key="SettingsModelID" type="xstring" value="SMID_filterString"/>
<entry key="EnabledStatus" type="xboolean" value="true"/>
</config>
<config key="left.col">
<config key="InclList">
<entry key="array-size" type="xint" value="5"/>
<entry key="0" type="xstring" value="CHROM"/>
<entry key="1" type="xstring" value="POS"/>
<entry key="2" type="xstring" value="REF"/>
<entry key="3" type="xstring" value="ALT"/>
<entry key="4" type="xstring" value="SAMPLE"/>
</config>
<config key="ExclList">
<entry key="array-size" type="xint" value="6"/>
<entry key="0" type="xstring" value="ID"/>
<entry key="1" type="xstring" value="QUAL"/>
<entry key="2" type="xstring" value="FILTER"/>
<entry key="3" type="xstring" value="INFO"/>
<entry key="4" type="xstring" value="FORMAT"/>
<entry key="5" type="xstring" value="CALL"/>
</config>
<entry key="keep_all_columns_selected" type="xboolean" value="false"/>
</config>
<config key="show.dups_Internals">
<entry key="SettingsModelID" type="xstring" value="SMID_boolean"/>
<entry key="EnabledStatus" type="xboolean" value="true"/>
</config>
<entry key="show.dups" type="xboolean" value="false"/>
</config>
<entry key="hasContent" type="xboolean" value="false"/>
<entry key="isInactive" type="xboolean" value="false"/>
<config key="ports">
<config key="port_1">
<entry key="index" type="xint" value="1"/>
<entry key="port_dir_location" type="xstring" isnull="true" value=""/>
</config>
</config>
</config>
