<?xml version="1.0" encoding="UTF-8"?>
<config xmlns="http://www.knime.org/2008/09/XMLConfig" xmlns:xsi="http://www.w3.org/2001/XMLSchema-instance" xsi:schemaLocation="http://www.knime.org/2008/09/XMLConfig http://www.knime.org/XMLConfig_2008_09.xsd" key="settings.xml">
<entry key="name" type="xstring" value="Database Reader"/>
<config key="model">
<entry key="statement" type="xstring" value="SELECT mol_id, smiles%%00010%%00010FROM structure_table%%00010%%00010WHERE MW &lt; 500"/>
<entry key="driver" type="xstring" value="oracle.jdbc.driver.OracleDriver"/>
<entry key="database" type="xstring" value="jdbc:odbc:&lt;database_name&gt;"/>
<entry key="user" type="xstring" value=""/>
<entry key="password" type="xstring" value=""/>
<entry key="loaded_driver" type="xstring" value="/Applications/knime/ojdbc14.jar"/>
</config>
<entry key="hasContent" type="xboolean" value="false"/>
<entry key="isInactive" type="xboolean" value="false"/>
<config key="ports">
<config key="port_1">
<entry key="index" type="xint" value="1"/>
<entry key="port_dir_location" type="xstring" isnull="true" value=""/>
</config>
</config>
</config>
