<?xml version="1.0" encoding="UTF-8"?>
<config xmlns="http://www.knime.org/2008/09/XMLConfig" xmlns:xsi="http://www.w3.org/2001/XMLSchema-instance" xsi:schemaLocation="http://www.knime.org/2008/09/XMLConfig http://www.knime.org/XMLConfig_2008_09.xsd" key="settings.xml">
<entry key="name" type="xstring" value="FastQReader"/>
<config key="model">
<config key="FQR_fpname_Internals">
<entry key="SettingsModelID" type="xstring" value="SMID_string"/>
<entry key="EnabledStatus" type="xboolean" value="true"/>
</config>
<entry key="FQR_fpname" type="xstring" value="/tmp/sample_data/SRR001356.fastq"/>
<config key="FQR_type_Internals">
<entry key="SettingsModelID" type="xstring" value="SMID_string"/>
<entry key="EnabledStatus" type="xboolean" value="true"/>
</config>
<entry key="FQR_type" type="xstring" value="Sanger"/>
<config key="LIMIT_Internals">
<entry key="SettingsModelID" type="xstring" value="SMID_integer"/>
<entry key="EnabledStatus" type="xboolean" value="true"/>
</config>
<entry key="LIMIT" type="xint" value="100000"/>
</config>
<entry key="hasContent" type="xboolean" value="true"/>
<entry key="isInactive" type="xboolean" value="false"/>
<entry key="node_message" type="xstring" value="Not all rows have been read"/>
<config key="ports">
<config key="port_1">
<entry key="index" type="xint" value="1"/>
<entry key="port_spec_class" type="xstring" value="org.knime.core.data.DataTableSpec"/>
<entry key="port_object_class" type="xstring" value="org.knime.core.node.BufferedDataTable"/>
<entry key="port_object_summary" type="xstring" value="Rows: 100000, Cols: 4"/>
<entry key="port_dir_location" type="xstring" value="port_1"/>
</config>
</config>
</config>
