<?xml version="1.0" encoding="UTF-8"?>
<config xmlns="http://www.knime.org/2008/09/XMLConfig" xmlns:xsi="http://www.w3.org/2001/XMLSchema-instance" xsi:schemaLocation="http://www.knime.org/2008/09/XMLConfig http://www.knime.org/XMLConfig_2008_09.xsd" key="settings.xml">
<entry key="name" type="xstring" value="Regex Split"/>
<config key="model">
<entry key="column" type="xstring" value="Location"/>
<entry key="pattern" type="xstring" value="(.*)\/.*$"/>
<entry key="isUnixLines" type="xboolean" value="false"/>
<entry key="isCaseInsensitive" type="xboolean" value="false"/>
<entry key="isComments" type="xboolean" value="false"/>
<entry key="isMultiLine" type="xboolean" value="false"/>
<entry key="isLiteral" type="xboolean" value="false"/>
<entry key="isDotAll" type="xboolean" value="false"/>
<entry key="isUniCodeCase" type="xboolean" value="false"/>
<entry key="isCanonEQ" type="xboolean" value="false"/>
</config>
<entry key="hasContent" type="xboolean" value="true"/>
<entry key="isInactive" type="xboolean" value="false"/>
<config key="ports">
<config key="port_1">
<entry key="index" type="xint" value="1"/>
<entry key="port_spec_class" type="xstring" value="org.knime.core.data.DataTableSpec"/>
<entry key="port_object_class" type="xstring" value="org.knime.core.node.BufferedDataTable"/>
<entry key="port_object_summary" type="xstring" value="Rows: 1, Cols: 4"/>
<entry key="port_dir_location" type="xstring" value="port_1"/>
</config>
</config>
<config key="filestores">
<entry key="file_store_location" type="xstring" isnull="true" value=""/>
<entry key="file_store_id" type="xstring" value="ba3f76b8-33d9-4482-8845-e883f5faa945"/>
</config>
</config>
