<?xml version="1.0" encoding="UTF-8"?>
<config xmlns="http://www.knime.org/2008/09/XMLConfig" xmlns:xsi="http://www.w3.org/2001/XMLSchema-instance" xsi:schemaLocation="http://www.knime.org/2008/09/XMLConfig http://www.knime.org/XMLConfig_2008_09.xsd" key="settings.xml">
<entry key="name" type="xstring" value="Joiner"/>
<config key="model">
<entry key="duplicateHandling" type="xstring" value="AppendSuffix"/>
<entry key="compositionMode" type="xstring" value="MatchAll"/>
<entry key="joinMode" type="xstring" value="LeftOuterJoin"/>
<config key="leftTableJoinPredicate">
<entry key="array-size" type="xint" value="1"/>
<entry key="0" type="xstring" value="Molecule"/>
</config>
<config key="rightTableJoinPredicate">
<entry key="array-size" type="xint" value="1"/>
<entry key="0" type="xstring" value="Molecule"/>
</config>
<entry key="suffix" type="xstring" value="(*)"/>
<config key="leftIncludeCols">
<entry key="array-size" type="xint" value="9"/>
<entry key="0" type="xstring" value="Active"/>
<entry key="1" type="xstring" value="Inactive"/>
<entry key="2" type="xstring" value="Winner"/>
<entry key="3" type="xstring" value="CDK MOL"/>
<entry key="4" type="xstring" value="Mannhold LogP"/>
<entry key="5" type="xstring" value="Hydrogen Bond Acceptors"/>
<entry key="6" type="xstring" value="Hydrogen Bond Donors"/>
<entry key="7" type="xstring" value="Molecular Weight"/>
<entry key="8" type="xstring" value="Lipinski's Rule of Five"/>
</config>
<config key="rightIncludeCols">
<entry key="array-size" type="xint" value="1"/>
<entry key="0" type="xstring" value="fitness"/>
</config>
<entry key="leftIncludeAll" type="xboolean" value="false"/>
<entry key="rightIncludeAll" type="xboolean" value="false"/>
<entry key="rmLeftJoinCols" type="xboolean" value="false"/>
<entry key="rmRightJoinCols" type="xboolean" value="false"/>
<entry key="maxOpenFiles" type="xint" value="200"/>
<entry key="rowKeySeparator" type="xstring" value="_"/>
<entry key="enableHiLite" type="xboolean" value="false"/>
<entry key="numBitsInitial" type="xint" value="6"/>
<entry key="numBitsMaximal" type="xint" value="32"/>
<entry key="usedMemoryThreshold" type="xdouble" value="0.85"/>
<entry key="minAvailableMemory" type="xlong" value="10000000"/>
<entry key="memUseCollectionUsage" type="xboolean" value="true"/>
</config>
<entry key="hasContent" type="xboolean" value="true"/>
<entry key="isInactive" type="xboolean" value="false"/>
<config key="ports">
<config key="port_1">
<entry key="index" type="xint" value="1"/>
<entry key="port_spec_class" type="xstring" value="org.knime.core.data.DataTableSpec"/>
<entry key="port_object_class" type="xstring" value="org.knime.core.node.BufferedDataTable"/>
<entry key="port_object_summary" type="xstring" value="Rows: 2514, Cols: 10"/>
<entry key="port_dir_location" type="xstring" value="port_1"/>
</config>
</config>
</config>
