<?xml version="1.0" encoding="UTF-8"?>
<config xmlns="http://www.knime.org/2008/09/XMLConfig" xmlns:xsi="http://www.w3.org/2001/XMLSchema-instance" xsi:schemaLocation="http://www.knime.org/2008/09/XMLConfig http://www.knime.org/XMLConfig_2008_09.xsd" key="spec.xml">
<entry key="spec_name" type="xstring" value="default"/>
<entry key="number_columns" type="xint" value="7"/>
<config key="column_spec_0">
<entry key="column_name" type="xstring" value="stdInChiKey"/>
<config key="element_names">
<entry key="array-size" type="xint" value="0"/>
</config>
<config key="column_type">
<entry key="cell_class" type="xstring" value="org.knime.core.data.def.StringCell"/>
</config>
<config key="column_domain"/>
<config key="column_properties"/>
</config>
<config key="column_spec_1">
<entry key="column_name" type="xstring" value="Unique concatenate(smiles)"/>
<config key="element_names">
<entry key="array-size" type="xint" value="0"/>
</config>
<config key="column_type">
<entry key="cell_class" type="xstring" value="org.knime.core.data.def.StringCell"/>
</config>
<config key="column_domain"/>
<config key="column_properties"/>
</config>
<config key="column_spec_2">
<entry key="column_name" type="xstring" value="Unique concatenate(chemblid)"/>
<config key="element_names">
<entry key="array-size" type="xint" value="0"/>
</config>
<config key="column_type">
<entry key="cell_class" type="xstring" value="org.knime.core.data.def.StringCell"/>
</config>
<config key="column_domain"/>
<config key="column_properties"/>
</config>
<config key="column_spec_3">
<entry key="column_name" type="xstring" value="Unique concatenate with count(IC50)"/>
<config key="element_names">
<entry key="array-size" type="xint" value="0"/>
</config>
<config key="column_type">
<entry key="cell_class" type="xstring" value="org.knime.core.data.def.StringCell"/>
</config>
<config key="column_domain"/>
<config key="column_properties"/>
</config>
<config key="column_spec_4">
<entry key="column_name" type="xstring" value="Unique concatenate(units)"/>
<config key="element_names">
<entry key="array-size" type="xint" value="0"/>
</config>
<config key="column_type">
<entry key="cell_class" type="xstring" value="org.knime.core.data.def.StringCell"/>
</config>
<config key="column_domain">
<config key="possible_values">
<entry key="array-size" type="xint" value="1"/>
<config key="0">
<entry key="datacell" type="xstring" value="org.knime.core.data.def.StringCell"/>
<config key="org.knime.core.data.def.StringCell">
<entry key="StringCell" type="xstring" value="nM"/>
</config>
</config>
</config>
</config>
<config key="column_properties"/>
</config>
<config key="column_spec_5">
<entry key="column_name" type="xstring" value="Unique concatenate(assay__description)"/>
<config key="element_names">
<entry key="array-size" type="xint" value="0"/>
</config>
<config key="column_type">
<entry key="cell_class" type="xstring" value="org.knime.core.data.def.StringCell"/>
</config>
<config key="column_domain">
<config key="possible_values">
<entry key="array-size" type="xint" value="55"/>
<config key="0">
<entry key="datacell" type="xstring" value="org.knime.core.data.def.StringCell"/>
<config key="org.knime.core.data.def.StringCell">
<entry key="StringCell" type="xstring" value="Antagonist activity at human TRPV1 overexpressed in HEK293 cells assessed as inhibition of capsaicin-induced intracellular Ca2+ level incubated for 5 mins prior to capsaicin addition by Fluo-4 based spectrofluorimetric analysis"/>
</config>
</config>
<config key="1">
<entry key="datacell" type="xstring" value="org.knime.core.data.def.StringCell"/>
<config key="org.knime.core.data.def.StringCell">
<entry key="StringCell" type="xstring" value="Inhibition of 100 nM capsaicin effect on intracellular [Ca2+] concentration in HEK293 cells expressing human TRPV1"/>
</config>
</config>
<config key="2">
<entry key="datacell" type="xstring" value="org.knime.core.data.def.StringCell"/>
<config key="org.knime.core.data.def.StringCell">
<entry key="StringCell" type="xstring" value="Antagonist activity in capsaicin-induced FLIPR assays in HEK293 cells expressing human TRPV1;Antagonist activity in pH 5.5-induced FLIPR assays in HEK293 cells expressing human TRPV1"/>
</config>
</config>
<config key="3">
<entry key="datacell" type="xstring" value="org.knime.core.data.def.StringCell"/>
<config key="org.knime.core.data.def.StringCell">
<entry key="StringCell" type="xstring" value="Antagonist activity at human TRPV1 expressed in HEK293 cells assessed as blockade of acid-induced receptor activation by FLIPR assay;Antagonist activity at human TRPV1 expressed in HEK293 cells assessed as blockade of capsaicin-induced receptor activation by FLIPR assay;Antagonist activity in capsaicin-induced FLIPR assays in HEK293 cells expressing human TRPV1;Antagonist activity in pH 5.5-induced FLIPR assays in HEK293 cells expressing human TRPV1"/>
</config>
</config>
<config key="4">
<entry key="datacell" type="xstring" value="org.knime.core.data.def.StringCell"/>
<config key="org.knime.core.data.def.StringCell">
<entry key="StringCell" type="xstring" value="Antagonist activity at TRPV1 expressed in HEK293 cells assessed as inhibition of capsaicin-induced activation by FLIPR assay;Antagonist activity at TRPV1 expressed in HEK293 cells assessed as inhibition of PMA-induced activation by FLIPR assay"/>
</config>
</config>
<config key="5">
<entry key="datacell" type="xstring" value="org.knime.core.data.def.StringCell"/>
<config key="org.knime.core.data.def.StringCell">
<entry key="StringCell" type="xstring" value="Inhibition of human vanilloid receptor 1 in HEK293 cells in capsaicin-induced FLIPR assay;Inhibition of human vanilloid receptor 1 in HEK293 cells in pH 5.5-induced FLIPR assay"/>
</config>
</config>
<config key="6">
<entry key="datacell" type="xstring" value="org.knime.core.data.def.StringCell"/>
<config key="org.knime.core.data.def.StringCell">
<entry key="StringCell" type="xstring" value="Antagonist activity at recombinant human TRPV1 expressed in HEK293 cells assessed as inhibition of capsaicin-induced Ca2+ influx preincubated for 5 mins followed by capsaicin challenge"/>
</config>
</config>
<config key="7">
<entry key="datacell" type="xstring" value="org.knime.core.data.def.StringCell"/>
<config key="org.knime.core.data.def.StringCell">
<entry key="StringCell" type="xstring" value="Antagonist activity at human TRPV1 expressed in HEK293 cells assessed as inhibition of capsaicin-induced intracellular Ca2+ level by FLIPR assay"/>
</config>
</config>
<config key="8">
<entry key="datacell" type="xstring" value="org.knime.core.data.def.StringCell"/>
<config key="org.knime.core.data.def.StringCell">
<entry key="StringCell" type="xstring" value="Antagonist activity at human TRPV1 assessed as inhibition of capsaicin-induced calcium influx in HEK293 cells"/>
</config>
</config>
<config key="9">
<entry key="datacell" type="xstring" value="org.knime.core.data.def.StringCell"/>
<config key="org.knime.core.data.def.StringCell">
<entry key="StringCell" type="xstring" value="Antagonist activity against human TRPV1 expressed in HEK293 cells assessed as capsaicin-induced calcium flux by FLIPR assay"/>
</config>
</config>
<config key="10">
<entry key="datacell" type="xstring" value="org.knime.core.data.def.StringCell"/>
<config key="org.knime.core.data.def.StringCell">
<entry key="StringCell" type="xstring" value="Functional antagonistic activity against human vanilloid receptor subtype 1 in HEK293 cell membranes was determined as inhibition of agonist-induced increases in intracellular [Ca2+] levels"/>
</config>
</config>
<config key="11">
<entry key="datacell" type="xstring" value="org.knime.core.data.def.StringCell"/>
<config key="org.knime.core.data.def.StringCell">
<entry key="StringCell" type="xstring" value="Inhibition of human vanilloid receptor 1 in HEK293 cells in capsaicin-induced FLIPR assay"/>
</config>
</config>
<config key="12">
<entry key="datacell" type="xstring" value="org.knime.core.data.def.StringCell"/>
<config key="org.knime.core.data.def.StringCell">
<entry key="StringCell" type="xstring" value="Antagonist activity at human recombinant TRPV1 expressed in HEK293 cells assessed as inhibition of capsazepine-induced calcium mobilization by FLIPR assay"/>
</config>
</config>
<config key="13">
<entry key="datacell" type="xstring" value="org.knime.core.data.def.StringCell"/>
<config key="org.knime.core.data.def.StringCell">
<entry key="StringCell" type="xstring" value="Antagonist activity at human TRPV1 expressed in HEK293 cells assessed as inhibition of capsaicin-induced calcium flux"/>
</config>
</config>
<config key="14">
<entry key="datacell" type="xstring" value="org.knime.core.data.def.StringCell"/>
<config key="org.knime.core.data.def.StringCell">
<entry key="StringCell" type="xstring" value="Inhibition of binding to human vanilloid receptor subtype VR1;Antagonistic activity towards human vanilloid receptor subtype 1 expressed in HEK293 cell membrane, as inhibition of agonist-induced intracellular [Ca2+] levels."/>
</config>
</config>
<config key="15">
<entry key="datacell" type="xstring" value="org.knime.core.data.def.StringCell"/>
<config key="org.knime.core.data.def.StringCell">
<entry key="StringCell" type="xstring" value="Antagonist activity at human TRPV1 expressed in HEK293 cell assessed as inhibition of capsaicin-induced calcium flux by fluorometric analysis"/>
</config>
</config>
<config key="16">
<entry key="datacell" type="xstring" value="org.knime.core.data.def.StringCell"/>
<config key="org.knime.core.data.def.StringCell">
<entry key="StringCell" type="xstring" value="Antagonist activity at human recombinant TRPV1 expressed in HEK293 cells assessed as inhibition of capsaicin-induced calcium by FLIPR method"/>
</config>
</config>
<config key="17">
<entry key="datacell" type="xstring" value="org.knime.core.data.def.StringCell"/>
<config key="org.knime.core.data.def.StringCell">
<entry key="StringCell" type="xstring" value="Antagonist activity against human TRPV1 expressed in HEK293 cells assessed as inhibition of capsaicin-induced increase in intracellular Ca2+ concentration by Fluo-4-AM dye based spectrofluorimetry"/>
</config>
</config>
<config key="18">
<entry key="datacell" type="xstring" value="org.knime.core.data.def.StringCell"/>
<config key="org.knime.core.data.def.StringCell">
<entry key="StringCell" type="xstring" value="Inhibition of human vanilloid receptor 1 in HEK293 cells in pH 5.5-induced FLIPR assay;Inhibition of human vanilloid receptor 1 in HEK293 cells in capsaicin-induced FLIPR assay"/>
</config>
</config>
<config key="19">
<entry key="datacell" type="xstring" value="org.knime.core.data.def.StringCell"/>
<config key="org.knime.core.data.def.StringCell">
<entry key="StringCell" type="xstring" value="Antagonist activity at human recombinant TRPV1 receptor expressed in HEK293 cells assessed as inhibition of capsaicin-induced intracellular calcium elevation"/>
</config>
</config>
<config key="20">
<entry key="datacell" type="xstring" value="org.knime.core.data.def.StringCell"/>
<config key="org.knime.core.data.def.StringCell">
<entry key="StringCell" type="xstring" value="Antagonist activity at human recombinant TRPV1 receptor expressed in human 1321 cells assessed as inhibition of capsaicin-induced in intracellular calcium levels by FLIPR assay;Antagonist activity against human TRPV1 expressed in HEK293 cells assessed as capsaicin-induced calcium flux by FLIPR assay"/>
</config>
</config>
<config key="21">
<entry key="datacell" type="xstring" value="org.knime.core.data.def.StringCell"/>
<config key="org.knime.core.data.def.StringCell">
<entry key="StringCell" type="xstring" value="Antagonistic activity towards human vanilloid receptor subtype 1 expressed in HEK293 cell membrane, as inhibition of agonist-induced intracellular [Ca2+] levels."/>
</config>
</config>
<config key="22">
<entry key="datacell" type="xstring" value="org.knime.core.data.def.StringCell"/>
<config key="org.knime.core.data.def.StringCell">
<entry key="StringCell" type="xstring" value="Antagonist activity at human TRPV1 ion channel expressed in HEK293 cells assessed as inhibition of capsaicin-induced calcium influx incubated for 5 mins prior to capsicin-induction by fluo-4-AM-based fluorimetry"/>
</config>
</config>
<config key="23">
<entry key="datacell" type="xstring" value="org.knime.core.data.def.StringCell"/>
<config key="org.knime.core.data.def.StringCell">
<entry key="StringCell" type="xstring" value="Antagonist activity at human recombinant TRPV1 assessed as inhibition of capsaicin-induced in intracellular calcium levels by cell-based FLIPR assay;Antagonist activity at human TRPV1 expressed in HEK293 cells assessed as inhibition of capsaicin-induced intracellular Ca2+ level by FLIPR assay"/>
</config>
</config>
<config key="24">
<entry key="datacell" type="xstring" value="org.knime.core.data.def.StringCell"/>
<config key="org.knime.core.data.def.StringCell">
<entry key="StringCell" type="xstring" value="Antagonist activity at human TRPV1 expressed in HEK293 cells assessed as decrease in intracellular calcium level"/>
</config>
</config>
<config key="25">
<entry key="datacell" type="xstring" value="org.knime.core.data.def.StringCell"/>
<config key="org.knime.core.data.def.StringCell">
<entry key="StringCell" type="xstring" value="Antagonist activity at human brain TRPV1 expressed in HEK293T cells assessed as inhibition of CAP-induced intracellular Ca2+ influx by fluorescence-based assay;Antagonist activity against human TRPV1 expressed in T-REx HEK cells assessed as inhibition of capsaicin-induced increase in intracellular Ca2+ accumulation pre-incubated for 3 mins prior to capsaicin stimulation by Fluo-4 AM dye based fluorescence assay;In vitro inhibition of anandamide activated human TRPV1 receptor in [Ca2+] influx assay;In vitro inhibition of PMA-activated human TRPV1 receptor in [Ca2+] influx assay;Inhibition of human transient receptor potential vanilloid 1 receptor (n=5);Inhibition of TRPV1 (unknown origin);Antagonist activity at human TRPV1 expressed in CHO cells assessed as blockade of capsaicin-induced receptor activation by aequorin based assay;Antagonist activity at human TRPV1 expressed in CHO cells assessed as blockade of acid-induced receptor activation by aequorin based assay;Antagonist activity at human TRPV1 expressed in CHO cells assessed as blockade of capsaicin-induced receptor activation by [45Ca2+] uptake assay;Antagonist activity at human TRPV1 expressed in CHO cells assessed as blockade of acid-induced receptor activation by [45Ca2+] uptake assay;Inhibition of 100 nM capsaicin effect on intracellular [Ca2+] concentration in HEK293 cells expressing human TRPV1;Inhibition of capsaicin-induced calcium uptake by transient receptor potential vanilloid type 1 expressed in CHO cells;Inhibition of calcium influx evoked by capsaicin in human TRPV1 expressing cells by fluorescence assay;Antagonistic activity towards human vanilloid receptor subtype 1 expressed in HEK293 cell membrane, as inhibition of agonist-induced intracellular [Ca2+] levels.;Functional antagonistic activity against human vanilloid receptor subtype 1 in HEK293 cell membranes was determined as inhibition of agonist-induced increases in intracellular [Ca2+] levels"/>
</config>
</config>
<config key="26">
<entry key="datacell" type="xstring" value="org.knime.core.data.def.StringCell"/>
<config key="org.knime.core.data.def.StringCell">
<entry key="StringCell" type="xstring" value="Antagonist activity at human TRPV1 receptor expressed in HEK293 cells assessed as inhibition of capsaicin-induced intracellular Ca2+ elevation incubated for 5 mins prior to capsaicin-stimulation by spectrofluorimetric analysis"/>
</config>
</config>
<config key="27">
<entry key="datacell" type="xstring" value="org.knime.core.data.def.StringCell"/>
<config key="org.knime.core.data.def.StringCell">
<entry key="StringCell" type="xstring" value="Antagonist activity against human recombinant TRPV1 expressed in HEK293 cells assessed as inhibition of capsaicin-induced Ca2+ influx pre-treated 5 mins before capsaicin addition by Fluo-4 dye based assay"/>
</config>
</config>
<config key="28">
<entry key="datacell" type="xstring" value="org.knime.core.data.def.StringCell"/>
<config key="org.knime.core.data.def.StringCell">
<entry key="StringCell" type="xstring" value="Antagonist activity against human TRPV1 expressed in HEK293 cells assessed as inhibition of capsaicin-induced intracellular Ca2+ level pre-treated 5 mins before capsaicin stimulation by Fluo-4-AM dye based spectrofluorimetry"/>
</config>
</config>
<config key="29">
<entry key="datacell" type="xstring" value="org.knime.core.data.def.StringCell"/>
<config key="org.knime.core.data.def.StringCell">
<entry key="StringCell" type="xstring" value="Antagonistic activity towards human vanilloid receptor subtype 1 expressed in HEK293 cell membrane, as inhibition of agonist-induced intracellular [Ca2+] levels.;Inhibition of binding to human vanilloid receptor subtype VR1"/>
</config>
</config>
<config key="30">
<entry key="datacell" type="xstring" value="org.knime.core.data.def.StringCell"/>
<config key="org.knime.core.data.def.StringCell">
<entry key="StringCell" type="xstring" value="Inhibition of human TRPV1 expressed in HEK cells;Antagonist activity at human TRPV1 expressed in HEK293 cells assessed as inhibition of capsaicin-induced intracellular Ca2+ level by FLIPR assay"/>
</config>
</config>
<config key="31">
<entry key="datacell" type="xstring" value="org.knime.core.data.def.StringCell"/>
<config key="org.knime.core.data.def.StringCell">
<entry key="StringCell" type="xstring" value="Antagonist activity against human recombinant TRPV1 expressed in HEK293 cells assessed as reduction in capsaicin-induced intracellular calcium response pre-incubated 5 mins before capsaicin addition by fluorescence assay"/>
</config>
</config>
<config key="32">
<entry key="datacell" type="xstring" value="org.knime.core.data.def.StringCell"/>
<config key="org.knime.core.data.def.StringCell">
<entry key="StringCell" type="xstring" value="Antagonist activity in capsaicin-induced FLIPR assays in HEK293 cells expressing human TRPV1"/>
</config>
</config>
<config key="33">
<entry key="datacell" type="xstring" value="org.knime.core.data.def.StringCell"/>
<config key="org.knime.core.data.def.StringCell">
<entry key="StringCell" type="xstring" value="Antagonist activity at human TRPV1 expressed in HEK293 cells assessed as inhibition of capsaicin-induced effect at pH 5.5"/>
</config>
</config>
<config key="34">
<entry key="datacell" type="xstring" value="org.knime.core.data.def.StringCell"/>
<config key="org.knime.core.data.def.StringCell">
<entry key="StringCell" type="xstring" value="Antagonist activity at human recombinant TRPV1 assessed as inhibition of capsaicin-induced in intracellular calcium levels by cell-based FLIPR assay;Antagonist activity at human TRPV1 expressed in HEK293 cells assessed as blockade of acid-induced receptor activation by FLIPR assay;Antagonist activity at human TRPV1 expressed in HEK293 cells assessed as blockade of capsaicin-induced receptor activation by FLIPR assay"/>
</config>
</config>
<config key="35">
<entry key="datacell" type="xstring" value="org.knime.core.data.def.StringCell"/>
<config key="org.knime.core.data.def.StringCell">
<entry key="StringCell" type="xstring" value="Antagonist activity at human TRPV1 receptor assessed as inhibition of capsaicin-induced activation;Antagonist activity at human recombinant TRPV1 expressed in HEK293 cells assessed as inhibition of capsazepine-induced calcium mobilization by FLIPR assay"/>
</config>
</config>
<config key="36">
<entry key="datacell" type="xstring" value="org.knime.core.data.def.StringCell"/>
<config key="org.knime.core.data.def.StringCell">
<entry key="StringCell" type="xstring" value="Antagonist activity at human brain TRPV1 expressed in HEK293T cells assessed as inhibition of CAP-induced intracellular Ca2+ influx by fluorescence-based assay;Antagonist activity at human brain TRPV1 expressed in HEK293T cells assessed as inhibition of heat-induced intracellular Ca2+ influx measured for 42 mins by fluorescence-based assay;Antagonist activity against human TRPV1 expressed in T-REx HEK cells assessed as inhibition of capsaicin-induced increase in intracellular Ca2+ accumulation pre-incubated for 3 mins prior to capsaicin stimulation by Fluo-4 AM dye based fluorescence assay"/>
</config>
</config>
<config key="37">
<entry key="datacell" type="xstring" value="org.knime.core.data.def.StringCell"/>
<config key="org.knime.core.data.def.StringCell">
<entry key="StringCell" type="xstring" value="Antagonist activity at human recombinant TRPV1 assessed as inhibition of capsaicin-induced in intracellular calcium levels by cell-based FLIPR assay;Antagonist activity at human TRPV1 expressed in HEK293 cells assessed as inhibition of capsaicin-induced calcium flux"/>
</config>
</config>
<config key="38">
<entry key="datacell" type="xstring" value="org.knime.core.data.def.StringCell"/>
<config key="org.knime.core.data.def.StringCell">
<entry key="StringCell" type="xstring" value="Inhibition of human vanilloid receptor 1 in HEK293 cells in pH 5.5-induced FLIPR assay;Inhibition of human vanilloid receptor 1 in HEK293 cells in capsaicin-induced FLIPR assay;Antagonist activity at human TRPV1 expressed in HEK293 cells assessed as blockade of acid-induced receptor activation by FLIPR assay;Antagonist activity at human TRPV1 expressed in HEK293 cells assessed as blockade of capsaicin-induced receptor activation by FLIPR assay"/>
</config>
</config>
<config key="39">
<entry key="datacell" type="xstring" value="org.knime.core.data.def.StringCell"/>
<config key="org.knime.core.data.def.StringCell">
<entry key="StringCell" type="xstring" value="Antagonist activity at recombinant human TRPV1 expressed in HEK293 cells assessed as inhibition of capsaicin-induced Ca2+ influx preincubated for 5 mins followed by capsaicin challenge;Antagonist activity at recombinant human TRPV1 expressed in HEK293 cells assessed as inhibition of capsaicin-induced current measured for 150 secs by patch clamp assay;Antagonist activity at recombinant human TRPV1 expressed in HEK293 cells assessed as inhibition of pH 5-induced current measured for 150 secs by patch clamp assay"/>
</config>
</config>
<config key="40">
<entry key="datacell" type="xstring" value="org.knime.core.data.def.StringCell"/>
<config key="org.knime.core.data.def.StringCell">
<entry key="StringCell" type="xstring" value="Antagonist activity at human TRPV1 expressed in HEK293 cells assessed as inhibition of capsaicin-induced calcium flux;Antagonist activity at human TRPV1 expressed in HEK293 cells assessed as inhibition of low pH-induced calcium influx"/>
</config>
</config>
<config key="41">
<entry key="datacell" type="xstring" value="org.knime.core.data.def.StringCell"/>
<config key="org.knime.core.data.def.StringCell">
<entry key="StringCell" type="xstring" value="Antagonist activity at human recombinant TRPV1 expressed in HEK293 cells assessed as inhibition of capsazepine-induced calcium mobilization by FLIPR assay;Antagonist activity at human TRPV1 receptor assessed as inhibition of capsaicin-induced activation"/>
</config>
</config>
<config key="42">
<entry key="datacell" type="xstring" value="org.knime.core.data.def.StringCell"/>
<config key="org.knime.core.data.def.StringCell">
<entry key="StringCell" type="xstring" value="Antagonist activity at human TRPV1 expressed in HEK293 cells assessed as inhibition of pH 5.3 acid-induced calcium influx by FLIPR assay;Antagonist activity at human TRPV1 expressed in HEK293 cells assessed as inhibition of pH 5.3 acid-induced calcium influx by whole cell patch clamp assay;Antagonist activity at human TRPV1 expressed in HEK293 cells assessed as inhibition of capsaicin-induced calcium influx by whole cell patch clamp assay"/>
</config>
</config>
<config key="43">
<entry key="datacell" type="xstring" value="org.knime.core.data.def.StringCell"/>
<config key="org.knime.core.data.def.StringCell">
<entry key="StringCell" type="xstring" value="Inhibition of human TRPV1 overexpressed in BEAS-2B cells assessed as calcium flux after 30 mins by Fluo-4 AM fluorescence assay;Antagonist activity at human recombinant TRPV1 receptor expressed in HEK293 cells assessed as inhibition of capsaicin-induced intracellular calcium elevation"/>
</config>
</config>
<config key="44">
<entry key="datacell" type="xstring" value="org.knime.core.data.def.StringCell"/>
<config key="org.knime.core.data.def.StringCell">
<entry key="StringCell" type="xstring" value="Antagonist activity at human TRPv1 receptor expressed in HEK293 cells assessed as inhibition of 0.1 um capsaicin-induced stimulation of intracellular calcium level using Fluo4-AM dye based fluorimetric assay"/>
</config>
</config>
<config key="45">
<entry key="datacell" type="xstring" value="org.knime.core.data.def.StringCell"/>
<config key="org.knime.core.data.def.StringCell">
<entry key="StringCell" type="xstring" value="Antagonist activity against human TRPV1 expressed in T-REx HEK cells assessed as inhibition of capsaicin-induced increase in intracellular Ca2+ accumulation pre-incubated for 3 mins prior to capsaicin stimulation by Fluo-4 AM dye based fluorescence assay;Inhibition of TRPV1 (unknown origin);Antagonist activity at human TRPV1 expressed in CHO cells assessed as blockade of capsaicin-induced receptor activation by [45Ca2+] uptake assay;Antagonist activity at human TRPV1 expressed in HEK293 cells assessed as blockade of acid-induced receptor activation by FLIPR assay;Antagonist activity at human TRPV1 expressed in CHO cells assessed as blockade of acid-induced receptor activation by [45Ca2+] uptake assay;Antagonist activity at human TRPV1 expressed in HEK293 cells assessed as blockade of capsaicin-induced receptor activation by FLIPR assay;Inhibition of human vanilloid receptor 1 in HEK293 cells in pH 5.5-induced FLIPR assay;Inhibition of human vanilloid receptor 1 in HEK293 cells in capsaicin-induced FLIPR assay;Antagonist activity at human brain TRPV1 expressed in HEK293T cells assessed as inhibition of CAP-induced intracellular Ca2+ influx by fluorescence-based assay;Antagonist activity at human TRPV1 expressed in HEK293 cells assessed as decrease in intracellular calcium level;Antagonist activity at human recombinant TRPV1 expressed in human 1321N1 cells assessed as inhibition of capsaicin-induced calcium influx by FLIPR assay"/>
</config>
</config>
<config key="46">
<entry key="datacell" type="xstring" value="org.knime.core.data.def.StringCell"/>
<config key="org.knime.core.data.def.StringCell">
<entry key="StringCell" type="xstring" value="Antagonist activity at human TRPV1 assessed as inhibition of calcium influx;Antagonist activity at human TRPV1 receptor by calcium influx assay;Antagonist activity at human TRPV1 by calcium influx assay;Inhibition of binding to human vanilloid receptor subtype VR1;Antagonistic activity towards human vanilloid receptor subtype 1 expressed in HEK293 cell membrane, as inhibition of agonist-induced intracellular [Ca2+] levels.;Blockade of human TRPV1 receptor assessed as inhibition of capsaicin-induced calcium flux;Antagonist activity at human TRPV1 expressed in HEK293 cells assessed as blockade of acid-induced receptor activation by FLIPR assay;Antagonist activity at human TRPV1 expressed in HEK293 cells assessed as blockade of capsaicin-induced receptor activation by FLIPR assay"/>
</config>
</config>
<config key="47">
<entry key="datacell" type="xstring" value="org.knime.core.data.def.StringCell"/>
<config key="org.knime.core.data.def.StringCell">
<entry key="StringCell" type="xstring" value="Antagonist activity at human TRPV1 expressed in HEK293 cells assessed as inhibition of N-arachidonoyl-dopamine-induced effect;Antagonist activity at human TRPV1 expressed in HEK293 cells assessed as inhibition of capsaicin-induced effect at pH 5.5"/>
</config>
</config>
<config key="48">
<entry key="datacell" type="xstring" value="org.knime.core.data.def.StringCell"/>
<config key="org.knime.core.data.def.StringCell">
<entry key="StringCell" type="xstring" value="Antagonist activity against human TRPV1 expressed in HEK293 cells assessed as capsaicin-induced calcium flux by FLIPR assay;Blockade of human TRPV1 receptor assessed as inhibition of capsaicin-induced calcium flux;Blockade of N-arachidonoyl-dopamine-induced activation of TRPV1;Blockade of pH 5.5-induced activation of TRPV1;Inhibition of human TRPV1"/>
</config>
</config>
<config key="49">
<entry key="datacell" type="xstring" value="org.knime.core.data.def.StringCell"/>
<config key="org.knime.core.data.def.StringCell">
<entry key="StringCell" type="xstring" value="Antagonist activity at human TRPV1 expressed in HEK293 cells assessed as inhibition of intracellular calcium level"/>
</config>
</config>
<config key="50">
<entry key="datacell" type="xstring" value="org.knime.core.data.def.StringCell"/>
<config key="org.knime.core.data.def.StringCell">
<entry key="StringCell" type="xstring" value="Antagonist activity in capsaicin-induced FLIPR assays in HEK293 cells expressing human TRPV1;Antagonist activity in pH 5.5-induced FLIPR assays in HEK293 cells expressing human TRPV1;Antagonist activity at human TRPV1 expressed in HEK293 cells assessed as blockade of acid-induced receptor activation by FLIPR assay;Antagonist activity at human TRPV1 expressed in HEK293 cells assessed as blockade of capsaicin-induced receptor activation by FLIPR assay"/>
</config>
</config>
<config key="51">
<entry key="datacell" type="xstring" value="org.knime.core.data.def.StringCell"/>
<config key="org.knime.core.data.def.StringCell">
<entry key="StringCell" type="xstring" value="Antagonist activity at TRPV1 expressed in HEK293 cells assessed as inhibition of capsaicin-induced activation by FLIPR assay"/>
</config>
</config>
<config key="52">
<entry key="datacell" type="xstring" value="org.knime.core.data.def.StringCell"/>
<config key="org.knime.core.data.def.StringCell">
<entry key="StringCell" type="xstring" value="Antagonist activity at human TRPV1 receptor assessed as inhibition of capsaicin-induced activation;Antagonist activity against capsaicin-activated human VR1 by FLIPR assay;Inhibition of human TRPV1;Antagonist activity at human recombinant TRPV1 expressed in HEK293 cells assessed as inhibition of capsazepine-induced calcium mobilization by FLIPR assay"/>
</config>
</config>
<config key="53">
<entry key="datacell" type="xstring" value="org.knime.core.data.def.StringCell"/>
<config key="org.knime.core.data.def.StringCell">
<entry key="StringCell" type="xstring" value="Antagonist activity at human TRPV1 assessed as inhibition of capsaicin-induced receptor activation by FLIPR assay;Antagonist activity at human recombinant TRPV1 expressed in HEK293 cells assessed as inhibition of capsazepine-induced calcium mobilization by FLIPR assay"/>
</config>
</config>
<config key="54">
<entry key="datacell" type="xstring" value="org.knime.core.data.def.StringCell"/>
<config key="org.knime.core.data.def.StringCell">
<entry key="StringCell" type="xstring" value="Antagonist activity at human recombinant TRPV1 expressed in HEK293 cells assessed as inhibition of capsazepine-induced calcium mobilization by FLIPR assay;Antagonist activity at human TRPV1 assessed as inhibition of capsaicin-induced receptor activation by FLIPR assay"/>
</config>
</config>
</config>
</config>
<config key="column_properties"/>
</config>
<config key="column_spec_6">
<entry key="column_name" type="xstring" value="Unique concatenate(reference)"/>
<config key="element_names">
<entry key="array-size" type="xint" value="0"/>
</config>
<config key="column_type">
<entry key="cell_class" type="xstring" value="org.knime.core.data.def.StringCell"/>
</config>
<config key="column_domain">
<config key="possible_values">
<entry key="array-size" type="xint" value="47"/>
<config key="0">
<entry key="datacell" type="xstring" value="org.knime.core.data.def.StringCell"/>
<config key="org.knime.core.data.def.StringCell">
<entry key="StringCell" type="xstring" value="Bioorg. Med. Chem. Lett., (2013) 23:1:138"/>
</config>
</config>
<config key="1">
<entry key="datacell" type="xstring" value="org.knime.core.data.def.StringCell"/>
<config key="org.knime.core.data.def.StringCell">
<entry key="StringCell" type="xstring" value="J. Med. Chem., (2005) 48:14:4663"/>
</config>
</config>
<config key="2">
<entry key="datacell" type="xstring" value="org.knime.core.data.def.StringCell"/>
<config key="org.knime.core.data.def.StringCell">
<entry key="StringCell" type="xstring" value="Bioorg. Med. Chem. Lett., (2005) 15:3:719"/>
</config>
</config>
<config key="3">
<entry key="datacell" type="xstring" value="org.knime.core.data.def.StringCell"/>
<config key="org.knime.core.data.def.StringCell">
<entry key="StringCell" type="xstring" value="J. Med. Chem., (2007) 50:11:2589;Bioorg. Med. Chem. Lett., (2005) 15:3:719"/>
</config>
</config>
<config key="4">
<entry key="datacell" type="xstring" value="org.knime.core.data.def.StringCell"/>
<config key="org.knime.core.data.def.StringCell">
<entry key="StringCell" type="xstring" value="Bioorg. Med. Chem. Lett., (2009) 19:3:783"/>
</config>
</config>
<config key="5">
<entry key="datacell" type="xstring" value="org.knime.core.data.def.StringCell"/>
<config key="org.knime.core.data.def.StringCell">
<entry key="StringCell" type="xstring" value="Bioorg. Med. Chem. Lett., (2004) 14:22:5513"/>
</config>
</config>
<config key="6">
<entry key="datacell" type="xstring" value="org.knime.core.data.def.StringCell"/>
<config key="org.knime.core.data.def.StringCell">
<entry key="StringCell" type="xstring" value="J. Med. Chem., (2015) 58:9:3859"/>
</config>
</config>
<config key="7">
<entry key="datacell" type="xstring" value="org.knime.core.data.def.StringCell"/>
<config key="org.knime.core.data.def.StringCell">
<entry key="StringCell" type="xstring" value="Bioorg. Med. Chem. Lett., (2010) 20:23:7142"/>
</config>
</config>
<config key="8">
<entry key="datacell" type="xstring" value="org.knime.core.data.def.StringCell"/>
<config key="org.knime.core.data.def.StringCell">
<entry key="StringCell" type="xstring" value="Bioorg. Med. Chem. Lett., (2008) 18:3:1072"/>
</config>
</config>
<config key="9">
<entry key="datacell" type="xstring" value="org.knime.core.data.def.StringCell"/>
<config key="org.knime.core.data.def.StringCell">
<entry key="StringCell" type="xstring" value="J. Med. Chem., (2014) 57:17:7412"/>
</config>
</config>
<config key="10">
<entry key="datacell" type="xstring" value="org.knime.core.data.def.StringCell"/>
<config key="org.knime.core.data.def.StringCell">
<entry key="StringCell" type="xstring" value="Bioorg. Med. Chem. Lett., (2004) 14:2:531"/>
</config>
</config>
<config key="11">
<entry key="datacell" type="xstring" value="org.knime.core.data.def.StringCell"/>
<config key="org.knime.core.data.def.StringCell">
<entry key="StringCell" type="xstring" value="J. Med. Chem., (2010) 53:8:3330"/>
</config>
</config>
<config key="12">
<entry key="datacell" type="xstring" value="org.knime.core.data.def.StringCell"/>
<config key="org.knime.core.data.def.StringCell">
<entry key="StringCell" type="xstring" value="Bioorg. Med. Chem. Lett., (2009) 19:1:40"/>
</config>
</config>
<config key="13">
<entry key="datacell" type="xstring" value="org.knime.core.data.def.StringCell"/>
<config key="org.knime.core.data.def.StringCell">
<entry key="StringCell" type="xstring" value="J. Med. Chem., (2005) 48:3:744;Bioorg. Med. Chem. Lett., (2004) 14:12:3053"/>
</config>
</config>
<config key="14">
<entry key="datacell" type="xstring" value="org.knime.core.data.def.StringCell"/>
<config key="org.knime.core.data.def.StringCell">
<entry key="StringCell" type="xstring" value="J. Med. Chem., (2011) 54:11:3746"/>
</config>
</config>
<config key="15">
<entry key="datacell" type="xstring" value="org.knime.core.data.def.StringCell"/>
<config key="org.knime.core.data.def.StringCell">
<entry key="StringCell" type="xstring" value="Bioorg. Med. Chem. Lett., (2007) 17:22:6160"/>
</config>
</config>
<config key="16">
<entry key="datacell" type="xstring" value="org.knime.core.data.def.StringCell"/>
<config key="org.knime.core.data.def.StringCell">
<entry key="StringCell" type="xstring" value="Bioorg. Med. Chem. Lett., (2014) 24:23:5507"/>
</config>
</config>
<config key="17">
<entry key="datacell" type="xstring" value="org.knime.core.data.def.StringCell"/>
<config key="org.knime.core.data.def.StringCell">
<entry key="StringCell" type="xstring" value="J. Med. Chem., (2007) 50:26:6554"/>
</config>
</config>
<config key="18">
<entry key="datacell" type="xstring" value="org.knime.core.data.def.StringCell"/>
<config key="org.knime.core.data.def.StringCell">
<entry key="StringCell" type="xstring" value="Bioorg. Med. Chem., (2010) 18:13:4821;J. Med. Chem., (2014) 57:17:7412"/>
</config>
</config>
<config key="19">
<entry key="datacell" type="xstring" value="org.knime.core.data.def.StringCell"/>
<config key="org.knime.core.data.def.StringCell">
<entry key="StringCell" type="xstring" value="Bioorg. Med. Chem. Lett., (2004) 14:12:3053"/>
</config>
</config>
<config key="20">
<entry key="datacell" type="xstring" value="org.knime.core.data.def.StringCell"/>
<config key="org.knime.core.data.def.StringCell">
<entry key="StringCell" type="xstring" value="Bioorg. Med. Chem. Lett., (2012) 22:4:1674"/>
</config>
</config>
<config key="21">
<entry key="datacell" type="xstring" value="org.knime.core.data.def.StringCell"/>
<config key="org.knime.core.data.def.StringCell">
<entry key="StringCell" type="xstring" value="Bioorg. Med. Chem. Lett., (2010) 20:23:7137;Bioorg. Med. Chem. Lett., (2010) 20:23:7142"/>
</config>
</config>
<config key="22">
<entry key="datacell" type="xstring" value="org.knime.core.data.def.StringCell"/>
<config key="org.knime.core.data.def.StringCell">
<entry key="StringCell" type="xstring" value="Bioorg. Med. Chem. Lett., (2009) 19:23:6806"/>
</config>
</config>
<config key="23">
<entry key="datacell" type="xstring" value="org.knime.core.data.def.StringCell"/>
<config key="org.knime.core.data.def.StringCell">
<entry key="StringCell" type="xstring" value="J. Nat. Prod., (2014) 77:2:285;J. Nat. Prod., (2014) 77:8:1831;J. Med. Chem., (2005) 48:6:1857;Bioorg. Med. Chem., (2013) 21:21:6542;J. Med. Chem., (2007) 50:11:2589;J. Med. Chem., (2005) 48:14:4663;J. Med. Chem., (2005) 48:1:71;J. Med. Chem., (2006) 49:2:471;Bioorg. Med. Chem. Lett., (2004) 14:12:3053;Bioorg. Med. Chem. Lett., (2004) 14:2:531"/>
</config>
</config>
<config key="24">
<entry key="datacell" type="xstring" value="org.knime.core.data.def.StringCell"/>
<config key="org.knime.core.data.def.StringCell">
<entry key="StringCell" type="xstring" value="Unspecified"/>
</config>
</config>
<config key="25">
<entry key="datacell" type="xstring" value="org.knime.core.data.def.StringCell"/>
<config key="org.knime.core.data.def.StringCell">
<entry key="StringCell" type="xstring" value="Bioorg. Med. Chem. Lett., (2015) 25:5:1009"/>
</config>
</config>
<config key="26">
<entry key="datacell" type="xstring" value="org.knime.core.data.def.StringCell"/>
<config key="org.knime.core.data.def.StringCell">
<entry key="StringCell" type="xstring" value="Bioorg. Med. Chem. Lett., (2015) 25:11:2285"/>
</config>
</config>
<config key="27">
<entry key="datacell" type="xstring" value="org.knime.core.data.def.StringCell"/>
<config key="org.knime.core.data.def.StringCell">
<entry key="StringCell" type="xstring" value="Bioorg. Med. Chem. Lett., (2004) 14:12:3053;J. Med. Chem., (2005) 48:3:744"/>
</config>
</config>
<config key="28">
<entry key="datacell" type="xstring" value="org.knime.core.data.def.StringCell"/>
<config key="org.knime.core.data.def.StringCell">
<entry key="StringCell" type="xstring" value="Bioorg. Med. Chem., (2014) 22:17:4770"/>
</config>
</config>
<config key="29">
<entry key="datacell" type="xstring" value="org.knime.core.data.def.StringCell"/>
<config key="org.knime.core.data.def.StringCell">
<entry key="StringCell" type="xstring" value="Bioorg. Med. Chem. Lett., (2010) 20:11:3291"/>
</config>
</config>
<config key="30">
<entry key="datacell" type="xstring" value="org.knime.core.data.def.StringCell"/>
<config key="org.knime.core.data.def.StringCell">
<entry key="StringCell" type="xstring" value="Bioorg. Med. Chem. Lett., (2010) 20:23:7137;J. Med. Chem., (2007) 50:11:2589"/>
</config>
</config>
<config key="31">
<entry key="datacell" type="xstring" value="org.knime.core.data.def.StringCell"/>
<config key="org.knime.core.data.def.StringCell">
<entry key="StringCell" type="xstring" value="Bioorg. Med. Chem. Lett., (2008) 18:16:4573;J. Med. Chem., (2010) 53:8:3330"/>
</config>
</config>
<config key="32">
<entry key="datacell" type="xstring" value="org.knime.core.data.def.StringCell"/>
<config key="org.knime.core.data.def.StringCell">
<entry key="StringCell" type="xstring" value="J. Nat. Prod., (2014) 77:2:285;J. Nat. Prod., (2014) 77:8:1831"/>
</config>
</config>
<config key="33">
<entry key="datacell" type="xstring" value="org.knime.core.data.def.StringCell"/>
<config key="org.knime.core.data.def.StringCell">
<entry key="StringCell" type="xstring" value="Bioorg. Med. Chem. Lett., (2010) 20:23:7137;Bioorg. Med. Chem. Lett., (2009) 19:1:40"/>
</config>
</config>
<config key="34">
<entry key="datacell" type="xstring" value="org.knime.core.data.def.StringCell"/>
<config key="org.knime.core.data.def.StringCell">
<entry key="StringCell" type="xstring" value="Bioorg. Med. Chem. Lett., (2004) 14:22:5513;J. Med. Chem., (2007) 50:11:2589"/>
</config>
</config>
<config key="35">
<entry key="datacell" type="xstring" value="org.knime.core.data.def.StringCell"/>
<config key="org.knime.core.data.def.StringCell">
<entry key="StringCell" type="xstring" value="J. Med. Chem., (2010) 53:8:3330;Bioorg. Med. Chem. Lett., (2008) 18:16:4573"/>
</config>
</config>
<config key="36">
<entry key="datacell" type="xstring" value="org.knime.core.data.def.StringCell"/>
<config key="org.knime.core.data.def.StringCell">
<entry key="StringCell" type="xstring" value="Bioorg. Med. Chem. Lett., (2008) 18:20:5609"/>
</config>
</config>
<config key="37">
<entry key="datacell" type="xstring" value="org.knime.core.data.def.StringCell"/>
<config key="org.knime.core.data.def.StringCell">
<entry key="StringCell" type="xstring" value="Bioorg. Med. Chem. Lett., (2014) 24:24:5695;J. Med. Chem., (2007) 50:26:6554"/>
</config>
</config>
<config key="38">
<entry key="datacell" type="xstring" value="org.knime.core.data.def.StringCell"/>
<config key="org.knime.core.data.def.StringCell">
<entry key="StringCell" type="xstring" value="J. Nat. Prod., (2011) 74:9:2019"/>
</config>
</config>
<config key="39">
<entry key="datacell" type="xstring" value="org.knime.core.data.def.StringCell"/>
<config key="org.knime.core.data.def.StringCell">
<entry key="StringCell" type="xstring" value="J. Nat. Prod., (2014) 77:8:1831;Bioorg. Med. Chem., (2013) 21:21:6542;J. Med. Chem., (2007) 50:11:2589;Bioorg. Med. Chem. Lett., (2004) 14:22:5513;J. Nat. Prod., (2014) 77:2:285;Bioorg. Med. Chem. Lett., (2009) 19:23:6806;Bioorg. Med. Chem., (2008) 16:18:8516"/>
</config>
</config>
<config key="40">
<entry key="datacell" type="xstring" value="org.knime.core.data.def.StringCell"/>
<config key="org.knime.core.data.def.StringCell">
<entry key="StringCell" type="xstring" value="Bioorg. Med. Chem. Lett., (2011) 21:5:1338;J. Med. Chem., (2007) 50:15:3651;Bioorg. Med. Chem. Lett., (2007) 17:14:3894;J. Med. Chem., (2005) 48:3:744;Bioorg. Med. Chem. Lett., (2004) 14:12:3053;J. Med. Chem., (2008) 51:3:392;J. Med. Chem., (2007) 50:11:2589"/>
</config>
</config>
<config key="41">
<entry key="datacell" type="xstring" value="org.knime.core.data.def.StringCell"/>
<config key="org.knime.core.data.def.StringCell">
<entry key="StringCell" type="xstring" value="J. Med. Chem., (2014) 57:17:7412;J. Med. Chem., (2008) 51:3:392;J. Med. Chem., (2010) 53:8:3330"/>
</config>
</config>
<config key="42">
<entry key="datacell" type="xstring" value="org.knime.core.data.def.StringCell"/>
<config key="org.knime.core.data.def.StringCell">
<entry key="StringCell" type="xstring" value="Bioorg. Med. Chem. Lett., (2010) 20:1:97"/>
</config>
</config>
<config key="43">
<entry key="datacell" type="xstring" value="org.knime.core.data.def.StringCell"/>
<config key="org.knime.core.data.def.StringCell">
<entry key="StringCell" type="xstring" value="Bioorg. Med. Chem. Lett., (2005) 15:3:719;J. Med. Chem., (2007) 50:11:2589"/>
</config>
</config>
<config key="44">
<entry key="datacell" type="xstring" value="org.knime.core.data.def.StringCell"/>
<config key="org.knime.core.data.def.StringCell">
<entry key="StringCell" type="xstring" value="Bioorg. Med. Chem. Lett., (2008) 18:16:4573;Bioorg. Med. Chem. Lett., (2006) 16:19:5217;J. Med. Chem., (2010) 53:8:3330"/>
</config>
</config>
<config key="45">
<entry key="datacell" type="xstring" value="org.knime.core.data.def.StringCell"/>
<config key="org.knime.core.data.def.StringCell">
<entry key="StringCell" type="xstring" value="Bioorg. Med. Chem. Lett., (2010) 20:15:4359;J. Med. Chem., (2010) 53:8:3330"/>
</config>
</config>
<config key="46">
<entry key="datacell" type="xstring" value="org.knime.core.data.def.StringCell"/>
<config key="org.knime.core.data.def.StringCell">
<entry key="StringCell" type="xstring" value="Bioorg. Med. Chem. Lett., (2010) 20:15:4359"/>
</config>
</config>
</config>
</config>
<config key="column_properties"/>
</config>
</config>
