<?xml version="1.0" encoding="UTF-8"?>
<config xmlns="http://www.knime.org/2008/09/XMLConfig" xmlns:xsi="http://www.w3.org/2001/XMLSchema-instance" xsi:schemaLocation="http://www.knime.org/2008/09/XMLConfig http://www.knime.org/XMLConfig_2008_09.xsd" key="settings.xml">
<entry key="name" type="xstring" value="Rename"/>
<config key="model">
<config key="all_columns">
<config key="smiles">
<entry key="old_column_name" type="xstring" value="smiles"/>
<entry key="new_column_name" type="xstring" isnull="true" value=""/>
<entry key="new_column_type" type="xint" value="0"/>
</config>
<config key="First(Reactant 1)">
<entry key="old_column_name" type="xstring" value="First(Reactant 1)"/>
<entry key="new_column_name" type="xstring" value="Reactant"/>
<entry key="new_column_type" type="xint" value="0"/>
</config>
<config key="Concatenate(Iteration)">
<entry key="old_column_name" type="xstring" value="Concatenate(Iteration)"/>
<entry key="new_column_name" type="xstring" value="Iteration"/>
<entry key="new_column_type" type="xint" value="0"/>
</config>
<config key="First(Product)">
<entry key="old_column_name" type="xstring" value="First(Product)"/>
<entry key="new_column_name" type="xstring" value="Product"/>
<entry key="new_column_type" type="xint" value="0"/>
</config>
<config key="Concatenate(reference)">
<entry key="old_column_name" type="xstring" value="Concatenate(reference)"/>
<entry key="new_column_name" type="xstring" value="reference"/>
<entry key="new_column_type" type="xint" value="0"/>
</config>
<config key="Concatenate(functional group)">
<entry key="old_column_name" type="xstring" value="Concatenate(functional group)"/>
<entry key="new_column_name" type="xstring" value="functional group"/>
<entry key="new_column_type" type="xint" value="0"/>
</config>
<config key="Concatenate(transform)">
<entry key="old_column_name" type="xstring" value="Concatenate(transform)"/>
<entry key="new_column_name" type="xstring" value="transform"/>
<entry key="new_column_type" type="xint" value="0"/>
</config>
<config key="Concatenate(smarts)">
<entry key="old_column_name" type="xstring" value="Concatenate(smarts)"/>
<entry key="new_column_name" type="xstring" value="smarts"/>
<entry key="new_column_type" type="xint" value="0"/>
</config>
</config>
</config>
<entry key="hasContent" type="xboolean" value="false"/>
<entry key="isInactive" type="xboolean" value="false"/>
<config key="ports">
<config key="port_1">
<entry key="index" type="xint" value="1"/>
<entry key="port_dir_location" type="xstring" isnull="true" value=""/>
</config>
</config>
</config>
