<?xml version="1.0" encoding="UTF-8"?>
<config xmlns="http://www.knime.org/2008/09/XMLConfig" xmlns:xsi="http://www.w3.org/2001/XMLSchema-instance" xsi:schemaLocation="http://www.knime.org/2008/09/XMLConfig http://www.knime.org/XMLConfig_2008_09.xsd" key="settings.xml">
<entry key="name" type="xstring" value="Table Creator"/>
<config key="model">
<config key="rowIndices">
<entry key="array-size" type="xint" value="38"/>
<entry key="0" type="xint" value="0"/>
<entry key="1" type="xint" value="0"/>
<entry key="2" type="xint" value="1"/>
<entry key="3" type="xint" value="1"/>
<entry key="4" type="xint" value="2"/>
<entry key="5" type="xint" value="2"/>
<entry key="6" type="xint" value="3"/>
<entry key="7" type="xint" value="3"/>
<entry key="8" type="xint" value="4"/>
<entry key="9" type="xint" value="4"/>
<entry key="10" type="xint" value="5"/>
<entry key="11" type="xint" value="5"/>
<entry key="12" type="xint" value="6"/>
<entry key="13" type="xint" value="6"/>
<entry key="14" type="xint" value="7"/>
<entry key="15" type="xint" value="7"/>
<entry key="16" type="xint" value="8"/>
<entry key="17" type="xint" value="8"/>
<entry key="18" type="xint" value="9"/>
<entry key="19" type="xint" value="9"/>
<entry key="20" type="xint" value="10"/>
<entry key="21" type="xint" value="10"/>
<entry key="22" type="xint" value="11"/>
<entry key="23" type="xint" value="11"/>
<entry key="24" type="xint" value="12"/>
<entry key="25" type="xint" value="12"/>
<entry key="26" type="xint" value="13"/>
<entry key="27" type="xint" value="13"/>
<entry key="28" type="xint" value="14"/>
<entry key="29" type="xint" value="14"/>
<entry key="30" type="xint" value="15"/>
<entry key="31" type="xint" value="15"/>
<entry key="32" type="xint" value="16"/>
<entry key="33" type="xint" value="16"/>
<entry key="34" type="xint" value="17"/>
<entry key="35" type="xint" value="17"/>
<entry key="36" type="xint" value="18"/>
<entry key="37" type="xint" value="18"/>
</config>
<config key="columnIndices">
<entry key="array-size" type="xint" value="38"/>
<entry key="0" type="xint" value="0"/>
<entry key="1" type="xint" value="1"/>
<entry key="2" type="xint" value="0"/>
<entry key="3" type="xint" value="1"/>
<entry key="4" type="xint" value="0"/>
<entry key="5" type="xint" value="1"/>
<entry key="6" type="xint" value="0"/>
<entry key="7" type="xint" value="1"/>
<entry key="8" type="xint" value="0"/>
<entry key="9" type="xint" value="1"/>
<entry key="10" type="xint" value="0"/>
<entry key="11" type="xint" value="1"/>
<entry key="12" type="xint" value="0"/>
<entry key="13" type="xint" value="1"/>
<entry key="14" type="xint" value="0"/>
<entry key="15" type="xint" value="1"/>
<entry key="16" type="xint" value="0"/>
<entry key="17" type="xint" value="1"/>
<entry key="18" type="xint" value="0"/>
<entry key="19" type="xint" value="1"/>
<entry key="20" type="xint" value="0"/>
<entry key="21" type="xint" value="1"/>
<entry key="22" type="xint" value="0"/>
<entry key="23" type="xint" value="1"/>
<entry key="24" type="xint" value="0"/>
<entry key="25" type="xint" value="1"/>
<entry key="26" type="xint" value="0"/>
<entry key="27" type="xint" value="1"/>
<entry key="28" type="xint" value="0"/>
<entry key="29" type="xint" value="1"/>
<entry key="30" type="xint" value="0"/>
<entry key="31" type="xint" value="1"/>
<entry key="32" type="xint" value="0"/>
<entry key="33" type="xint" value="1"/>
<entry key="34" type="xint" value="0"/>
<entry key="35" type="xint" value="1"/>
<entry key="36" type="xint" value="0"/>
<entry key="37" type="xint" value="1"/>
</config>
<config key="values">
<entry key="array-size" type="xint" value="38"/>
<entry key="0" type="xstring" value="c1ccccc1C(=O)O"/>
<entry key="1" type="xstring" value="1"/>
<entry key="2" type="xstring" value="C1CCCCC1N(C)C"/>
<entry key="3" type="xstring" value="2"/>
<entry key="4" type="xstring" value="COCCN(C)C"/>
<entry key="5" type="xstring" value="3"/>
<entry key="6" type="xstring" value="C1(C=CC2)C2CNC3=C1C=CC=C3"/>
<entry key="7" type="xstring" value="4"/>
<entry key="8" type="xstring" value="CCCCF"/>
<entry key="9" type="xstring" value="5"/>
<entry key="10" type="xstring" value="NN1C=CC=C1"/>
<entry key="11" type="xstring" value="6"/>
<entry key="12" type="xstring" value="CCCN"/>
<entry key="13" type="xstring" value="7"/>
<entry key="14" type="xstring" value="CCCNCCC"/>
<entry key="15" type="xstring" value="8"/>
<entry key="16" type="xstring" value="CCC[C]([H])([H])[H]"/>
<entry key="17" type="xstring" value="9"/>
<entry key="18" type="xstring" value="CCCO"/>
<entry key="19" type="xstring" value="10"/>
<entry key="20" type="xstring" value="CCOCCC"/>
<entry key="21" type="xstring" value="11"/>
<entry key="22" type="xstring" value="CC(OCC)=O"/>
<entry key="23" type="xstring" value="12"/>
<entry key="24" type="xstring" value="CC=C"/>
<entry key="25" type="xstring" value="13"/>
<entry key="26" type="xstring" value="CC(NCC)=O"/>
<entry key="27" type="xstring" value="14"/>
<entry key="28" type="xstring" value="CCCC[Cl]"/>
<entry key="29" type="xstring" value="15"/>
<entry key="30" type="xstring" value="CCCC[Br]"/>
<entry key="31" type="xstring" value="16"/>
<entry key="32" type="xstring" value="CCCC#N"/>
<entry key="33" type="xstring" value="17"/>
<entry key="34" type="xstring" value="CCC(C#N)CC"/>
<entry key="35" type="xstring" value="18"/>
<entry key="36" type="xstring" value="CC(C(F)(F)(F))CC"/>
<entry key="37" type="xstring" value="19"/>
</config>
<entry key="rowIdPrefix" type="xstring" value="Row"/>
<entry key="rowIdSuffix" type="xstring" value=""/>
<entry key="rowIdStartValue" type="xint" value="1"/>
<entry key="highlightOutputTable" type="xboolean" value="false"/>
<config key="columnProperties">
<config key="0">
<entry key="UserSetValues" type="xboolean" value="true"/>
<entry key="MissValuePattern" type="xstring" value=""/>
<entry key="ReadPossValsFromFile" type="xboolean" value="false"/>
<entry key="SkipThisColumn" type="xboolean" value="false"/>
<entry key="ColumnName" type="xstring" value="smiles"/>
<config key="ColumnClass">
<entry key="cell_class" type="xstring" value="org.knime.core.data.def.StringCell"/>
<entry key="is_null" type="xboolean" value="false"/>
</config>
</config>
<config key="1">
<entry key="UserSetValues" type="xboolean" value="true"/>
<entry key="MissValuePattern" type="xstring" value=""/>
<entry key="ReadPossValsFromFile" type="xboolean" value="false"/>
<entry key="SkipThisColumn" type="xboolean" value="false"/>
<entry key="ColumnName" type="xstring" value="regID"/>
<config key="ColumnClass">
<entry key="cell_class" type="xstring" value="org.knime.core.data.def.StringCell"/>
<entry key="is_null" type="xboolean" value="false"/>
</config>
</config>
</config>
</config>
<entry key="hasContent" type="xboolean" value="false"/>
<entry key="isInactive" type="xboolean" value="false"/>
<config key="ports">
<config key="port_1">
<entry key="index" type="xint" value="1"/>
<entry key="port_dir_location" type="xstring" isnull="true" value=""/>
</config>
</config>
</config>
