<?xml version="1.0" encoding="UTF-8"?>
<config xmlns="http://www.knime.org/2008/09/XMLConfig" xmlns:xsi="http://www.w3.org/2001/XMLSchema-instance" xsi:schemaLocation="http://www.knime.org/2008/09/XMLConfig http://www.knime.org/XMLConfig_2008_09.xsd" key="settings.xml">
<entry key="name" type="xstring" value="File Reader"/>
<config key="model">
<config key="Delimiters">
<config key="Delim0">
<entry key="pattern" type="xstring" value="%%00010"/>
<entry key="combineMultiple" type="xboolean" value="true"/>
<entry key="includeInToken" type="xboolean" value="false"/>
<entry key="returnAsToken" type="xboolean" value="true"/>
</config>
<config key="Delim1">
<entry key="pattern" type="xstring" value="%%00009"/>
<entry key="combineMultiple" type="xboolean" value="false"/>
<entry key="includeInToken" type="xboolean" value="false"/>
<entry key="returnAsToken" type="xboolean" value="false"/>
</config>
</config>
<config key="Quotes">
<config key="Quote0">
<entry key="left" type="xstring" value="&quot;"/>
<entry key="right" type="xstring" value="&quot;"/>
<entry key="EscChar" type="xchar" value="\"/>
<entry key="DontRem" type="xboolean" value="false"/>
</config>
<config key="Quote1">
<entry key="left" type="xstring" value="'"/>
<entry key="right" type="xstring" value="'"/>
<entry key="EscChar" type="xchar" value="\"/>
<entry key="DontRem" type="xboolean" value="false"/>
</config>
</config>
<config key="Comments"/>
<config key="WhiteSpaces"/>
<entry key="CombineMultDelims" type="xboolean" value="false"/>
<entry key="DataURL" type="xstring" value="file:/GENOTYPAGE/data/project/20110629casava/_ignore.backup/file_recap.tsv"/>
<entry key="TableName" type="xstring" value="file_recap.tsv"/>
<entry key="hasColHdr" type="xboolean" value="true"/>
<entry key="hasRowHdr" type="xboolean" value="false"/>
<entry key="ignoreEmptyLines" type="xboolean" value="true"/>
<entry key="rowPrefix" type="xstring" value="Row"/>
<config key="RowDelims">
<entry key="RDelim0" type="xstring" value="%%00010"/>
<entry key="SkipEmptyLine0" type="xboolean" value="true"/>
</config>
<config key="MissingPatterns"/>
<entry key="globalMissPattern" type="xstring" isnull="true" value=""/>
<entry key="DecimalSeparator" type="xchar" value="."/>
<entry key="ThrousandsSeparator" type="xchar" value="%%00000"/>
<entry key="ignEmtpyTokensAtEOR" type="xboolean" value="false"/>
<entry key="acceptShortLines" type="xboolean" value="false"/>
<entry key="uniquifyRowID" type="xboolean" value="false"/>
<entry key="MaxNumOfRows" type="xlong" value="-1"/>
<entry key="ColNumDetermLine" type="xint" value="2"/>
<entry key="CharsetName" type="xstring" isnull="true" value=""/>
<entry key="delimsAtEOLuserVal" type="xboolean" value="false"/>
<entry key="numOfColumns" type="xint" value="3"/>
<entry key="PreserveSettings" type="xboolean" value="false"/>
<config key="ColumnProperties">
<config key="0">
<entry key="UserSetValues" type="xboolean" value="false"/>
<entry key="MissValuePattern" type="xstring" value="?"/>
<entry key="ReadPossValsFromFile" type="xboolean" value="false"/>
<entry key="SkipThisColumn" type="xboolean" value="false"/>
<entry key="ColumnName" type="xstring" value="Sample"/>
<config key="ColumnClass">
<entry key="cell_class" type="xstring" value="org.knime.core.data.def.StringCell"/>
<entry key="is_null" type="xboolean" value="false"/>
</config>
</config>
<config key="1">
<entry key="UserSetValues" type="xboolean" value="false"/>
<entry key="MissValuePattern" type="xstring" value="?"/>
<entry key="ReadPossValsFromFile" type="xboolean" value="false"/>
<entry key="SkipThisColumn" type="xboolean" value="false"/>
<entry key="ColumnName" type="xstring" value="VCF"/>
<config key="ColumnClass">
<entry key="cell_class" type="xstring" value="org.knime.core.data.def.StringCell"/>
<entry key="is_null" type="xboolean" value="false"/>
</config>
</config>
<config key="2">
<entry key="UserSetValues" type="xboolean" value="false"/>
<entry key="MissValuePattern" type="xstring" value="?"/>
<entry key="ReadPossValsFromFile" type="xboolean" value="false"/>
<entry key="SkipThisColumn" type="xboolean" value="false"/>
<entry key="ColumnName" type="xstring" value="BAM"/>
<config key="ColumnClass">
<entry key="cell_class" type="xstring" value="org.knime.core.data.def.StringCell"/>
<entry key="is_null" type="xboolean" value="false"/>
</config>
</config>
</config>
</config>
<entry key="hasContent" type="xboolean" value="false"/>
<entry key="isInactive" type="xboolean" value="false"/>
<config key="ports">
<config key="port_1">
<entry key="index" type="xint" value="1"/>
<entry key="port_dir_location" type="xstring" isnull="true" value=""/>
</config>
</config>
</config>
