<?xml version="1.0" encoding="UTF-8"?>
<config xmlns="http://www.knime.org/2008/09/XMLConfig" xmlns:xsi="http://www.w3.org/2001/XMLSchema-instance" xsi:schemaLocation="http://www.knime.org/2008/09/XMLConfig http://www.knime.org/XMLConfig_2008_09.xsd" key="settings.xml">
<entry key="name" type="xstring" value="String To Number"/>
<config key="model">
<config key="include_Internals">
<entry key="SettingsModelID" type="xstring" value="SMID_filterString"/>
<entry key="EnabledStatus" type="xboolean" value="true"/>
</config>
<config key="include">
<config key="InclList">
<entry key="array-size" type="xint" value="1024"/>
<entry key="0" type="xstring" value="0"/>
<entry key="1" type="xstring" value="1"/>
<entry key="2" type="xstring" value="2"/>
<entry key="3" type="xstring" value="3"/>
<entry key="4" type="xstring" value="4"/>
<entry key="5" type="xstring" value="5"/>
<entry key="6" type="xstring" value="6"/>
<entry key="7" type="xstring" value="7"/>
<entry key="8" type="xstring" value="8"/>
<entry key="9" type="xstring" value="9"/>
<entry key="10" type="xstring" value="10"/>
<entry key="11" type="xstring" value="11"/>
<entry key="12" type="xstring" value="12"/>
<entry key="13" type="xstring" value="13"/>
<entry key="14" type="xstring" value="14"/>
<entry key="15" type="xstring" value="15"/>
<entry key="16" type="xstring" value="16"/>
<entry key="17" type="xstring" value="17"/>
<entry key="18" type="xstring" value="18"/>
<entry key="19" type="xstring" value="19"/>
<entry key="20" type="xstring" value="20"/>
<entry key="21" type="xstring" value="21"/>
<entry key="22" type="xstring" value="22"/>
<entry key="23" type="xstring" value="23"/>
<entry key="24" type="xstring" value="24"/>
<entry key="25" type="xstring" value="25"/>
<entry key="26" type="xstring" value="26"/>
<entry key="27" type="xstring" value="27"/>
<entry key="28" type="xstring" value="28"/>
<entry key="29" type="xstring" value="29"/>
<entry key="30" type="xstring" value="30"/>
<entry key="31" type="xstring" value="31"/>
<entry key="32" type="xstring" value="32"/>
<entry key="33" type="xstring" value="33"/>
<entry key="34" type="xstring" value="34"/>
<entry key="35" type="xstring" value="35"/>
<entry key="36" type="xstring" value="36"/>
<entry key="37" type="xstring" value="37"/>
<entry key="38" type="xstring" value="38"/>
<entry key="39" type="xstring" value="39"/>
<entry key="40" type="xstring" value="40"/>
<entry key="41" type="xstring" value="41"/>
<entry key="42" type="xstring" value="42"/>
<entry key="43" type="xstring" value="43"/>
<entry key="44" type="xstring" value="44"/>
<entry key="45" type="xstring" value="45"/>
<entry key="46" type="xstring" value="46"/>
<entry key="47" type="xstring" value="47"/>
<entry key="48" type="xstring" value="48"/>
<entry key="49" type="xstring" value="49"/>
<entry key="50" type="xstring" value="50"/>
<entry key="51" type="xstring" value="51"/>
<entry key="52" type="xstring" value="52"/>
<entry key="53" type="xstring" value="53"/>
<entry key="54" type="xstring" value="54"/>
<entry key="55" type="xstring" value="55"/>
<entry key="56" type="xstring" value="56"/>
<entry key="57" type="xstring" value="57"/>
<entry key="58" type="xstring" value="58"/>
<entry key="59" type="xstring" value="59"/>
<entry key="60" type="xstring" value="60"/>
<entry key="61" type="xstring" value="61"/>
<entry key="62" type="xstring" value="62"/>
<entry key="63" type="xstring" value="63"/>
<entry key="64" type="xstring" value="64"/>
<entry key="65" type="xstring" value="65"/>
<entry key="66" type="xstring" value="66"/>
<entry key="67" type="xstring" value="67"/>
<entry key="68" type="xstring" value="68"/>
<entry key="69" type="xstring" value="69"/>
<entry key="70" type="xstring" value="70"/>
<entry key="71" type="xstring" value="71"/>
<entry key="72" type="xstring" value="72"/>
<entry key="73" type="xstring" value="73"/>
<entry key="74" type="xstring" value="74"/>
<entry key="75" type="xstring" value="75"/>
<entry key="76" type="xstring" value="76"/>
<entry key="77" type="xstring" value="77"/>
<entry key="78" type="xstring" value="78"/>
<entry key="79" type="xstring" value="79"/>
<entry key="80" type="xstring" value="80"/>
<entry key="81" type="xstring" value="81"/>
<entry key="82" type="xstring" value="82"/>
<entry key="83" type="xstring" value="83"/>
<entry key="84" type="xstring" value="84"/>
<entry key="85" type="xstring" value="85"/>
<entry key="86" type="xstring" value="86"/>
<entry key="87" type="xstring" value="87"/>
<entry key="88" type="xstring" value="88"/>
<entry key="89" type="xstring" value="89"/>
<entry key="90" type="xstring" value="90"/>
<entry key="91" type="xstring" value="91"/>
<entry key="92" type="xstring" value="92"/>
<entry key="93" type="xstring" value="93"/>
<entry key="94" type="xstring" value="94"/>
<entry key="95" type="xstring" value="95"/>
<entry key="96" type="xstring" value="96"/>
<entry key="97" type="xstring" value="97"/>
<entry key="98" type="xstring" value="98"/>
<entry key="99" type="xstring" value="99"/>
<entry key="100" type="xstring" value="100"/>
<entry key="101" type="xstring" value="101"/>
<entry key="102" type="xstring" value="102"/>
<entry key="103" type="xstring" value="103"/>
<entry key="104" type="xstring" value="104"/>
<entry key="105" type="xstring" value="105"/>
<entry key="106" type="xstring" value="106"/>
<entry key="107" type="xstring" value="107"/>
<entry key="108" type="xstring" value="108"/>
<entry key="109" type="xstring" value="109"/>
<entry key="110" type="xstring" value="110"/>
<entry key="111" type="xstring" value="111"/>
<entry key="112" type="xstring" value="112"/>
<entry key="113" type="xstring" value="113"/>
<entry key="114" type="xstring" value="114"/>
<entry key="115" type="xstring" value="115"/>
<entry key="116" type="xstring" value="116"/>
<entry key="117" type="xstring" value="117"/>
<entry key="118" type="xstring" value="118"/>
<entry key="119" type="xstring" value="119"/>
<entry key="120" type="xstring" value="120"/>
<entry key="121" type="xstring" value="121"/>
<entry key="122" type="xstring" value="122"/>
<entry key="123" type="xstring" value="123"/>
<entry key="124" type="xstring" value="124"/>
<entry key="125" type="xstring" value="125"/>
<entry key="126" type="xstring" value="126"/>
<entry key="127" type="xstring" value="127"/>
<entry key="128" type="xstring" value="128"/>
<entry key="129" type="xstring" value="129"/>
<entry key="130" type="xstring" value="130"/>
<entry key="131" type="xstring" value="131"/>
<entry key="132" type="xstring" value="132"/>
<entry key="133" type="xstring" value="133"/>
<entry key="134" type="xstring" value="134"/>
<entry key="135" type="xstring" value="135"/>
<entry key="136" type="xstring" value="136"/>
<entry key="137" type="xstring" value="137"/>
<entry key="138" type="xstring" value="138"/>
<entry key="139" type="xstring" value="139"/>
<entry key="140" type="xstring" value="140"/>
<entry key="141" type="xstring" value="141"/>
<entry key="142" type="xstring" value="142"/>
<entry key="143" type="xstring" value="143"/>
<entry key="144" type="xstring" value="144"/>
<entry key="145" type="xstring" value="145"/>
<entry key="146" type="xstring" value="146"/>
<entry key="147" type="xstring" value="147"/>
<entry key="148" type="xstring" value="148"/>
<entry key="149" type="xstring" value="149"/>
<entry key="150" type="xstring" value="150"/>
<entry key="151" type="xstring" value="151"/>
<entry key="152" type="xstring" value="152"/>
<entry key="153" type="xstring" value="153"/>
<entry key="154" type="xstring" value="154"/>
<entry key="155" type="xstring" value="155"/>
<entry key="156" type="xstring" value="156"/>
<entry key="157" type="xstring" value="157"/>
<entry key="158" type="xstring" value="158"/>
<entry key="159" type="xstring" value="159"/>
<entry key="160" type="xstring" value="160"/>
<entry key="161" type="xstring" value="161"/>
<entry key="162" type="xstring" value="162"/>
<entry key="163" type="xstring" value="163"/>
<entry key="164" type="xstring" value="164"/>
<entry key="165" type="xstring" value="165"/>
<entry key="166" type="xstring" value="166"/>
<entry key="167" type="xstring" value="167"/>
<entry key="168" type="xstring" value="168"/>
<entry key="169" type="xstring" value="169"/>
<entry key="170" type="xstring" value="170"/>
<entry key="171" type="xstring" value="171"/>
<entry key="172" type="xstring" value="172"/>
<entry key="173" type="xstring" value="173"/>
<entry key="174" type="xstring" value="174"/>
<entry key="175" type="xstring" value="175"/>
<entry key="176" type="xstring" value="176"/>
<entry key="177" type="xstring" value="177"/>
<entry key="178" type="xstring" value="178"/>
<entry key="179" type="xstring" value="179"/>
<entry key="180" type="xstring" value="180"/>
<entry key="181" type="xstring" value="181"/>
<entry key="182" type="xstring" value="182"/>
<entry key="183" type="xstring" value="183"/>
<entry key="184" type="xstring" value="184"/>
<entry key="185" type="xstring" value="185"/>
<entry key="186" type="xstring" value="186"/>
<entry key="187" type="xstring" value="187"/>
<entry key="188" type="xstring" value="188"/>
<entry key="189" type="xstring" value="189"/>
<entry key="190" type="xstring" value="190"/>
<entry key="191" type="xstring" value="191"/>
<entry key="192" type="xstring" value="192"/>
<entry key="193" type="xstring" value="193"/>
<entry key="194" type="xstring" value="194"/>
<entry key="195" type="xstring" value="195"/>
<entry key="196" type="xstring" value="196"/>
<entry key="197" type="xstring" value="197"/>
<entry key="198" type="xstring" value="198"/>
<entry key="199" type="xstring" value="199"/>
<entry key="200" type="xstring" value="200"/>
<entry key="201" type="xstring" value="201"/>
<entry key="202" type="xstring" value="202"/>
<entry key="203" type="xstring" value="203"/>
<entry key="204" type="xstring" value="204"/>
<entry key="205" type="xstring" value="205"/>
<entry key="206" type="xstring" value="206"/>
<entry key="207" type="xstring" value="207"/>
<entry key="208" type="xstring" value="208"/>
<entry key="209" type="xstring" value="209"/>
<entry key="210" type="xstring" value="210"/>
<entry key="211" type="xstring" value="211"/>
<entry key="212" type="xstring" value="212"/>
<entry key="213" type="xstring" value="213"/>
<entry key="214" type="xstring" value="214"/>
<entry key="215" type="xstring" value="215"/>
<entry key="216" type="xstring" value="216"/>
<entry key="217" type="xstring" value="217"/>
<entry key="218" type="xstring" value="218"/>
<entry key="219" type="xstring" value="219"/>
<entry key="220" type="xstring" value="220"/>
<entry key="221" type="xstring" value="221"/>
<entry key="222" type="xstring" value="222"/>
<entry key="223" type="xstring" value="223"/>
<entry key="224" type="xstring" value="224"/>
<entry key="225" type="xstring" value="225"/>
<entry key="226" type="xstring" value="226"/>
<entry key="227" type="xstring" value="227"/>
<entry key="228" type="xstring" value="228"/>
<entry key="229" type="xstring" value="229"/>
<entry key="230" type="xstring" value="230"/>
<entry key="231" type="xstring" value="231"/>
<entry key="232" type="xstring" value="232"/>
<entry key="233" type="xstring" value="233"/>
<entry key="234" type="xstring" value="234"/>
<entry key="235" type="xstring" value="235"/>
<entry key="236" type="xstring" value="236"/>
<entry key="237" type="xstring" value="237"/>
<entry key="238" type="xstring" value="238"/>
<entry key="239" type="xstring" value="239"/>
<entry key="240" type="xstring" value="240"/>
<entry key="241" type="xstring" value="241"/>
<entry key="242" type="xstring" value="242"/>
<entry key="243" type="xstring" value="243"/>
<entry key="244" type="xstring" value="244"/>
<entry key="245" type="xstring" value="245"/>
<entry key="246" type="xstring" value="246"/>
<entry key="247" type="xstring" value="247"/>
<entry key="248" type="xstring" value="248"/>
<entry key="249" type="xstring" value="249"/>
<entry key="250" type="xstring" value="250"/>
<entry key="251" type="xstring" value="251"/>
<entry key="252" type="xstring" value="252"/>
<entry key="253" type="xstring" value="253"/>
<entry key="254" type="xstring" value="254"/>
<entry key="255" type="xstring" value="255"/>
<entry key="256" type="xstring" value="256"/>
<entry key="257" type="xstring" value="257"/>
<entry key="258" type="xstring" value="258"/>
<entry key="259" type="xstring" value="259"/>
<entry key="260" type="xstring" value="260"/>
<entry key="261" type="xstring" value="261"/>
<entry key="262" type="xstring" value="262"/>
<entry key="263" type="xstring" value="263"/>
<entry key="264" type="xstring" value="264"/>
<entry key="265" type="xstring" value="265"/>
<entry key="266" type="xstring" value="266"/>
<entry key="267" type="xstring" value="267"/>
<entry key="268" type="xstring" value="268"/>
<entry key="269" type="xstring" value="269"/>
<entry key="270" type="xstring" value="270"/>
<entry key="271" type="xstring" value="271"/>
<entry key="272" type="xstring" value="272"/>
<entry key="273" type="xstring" value="273"/>
<entry key="274" type="xstring" value="274"/>
<entry key="275" type="xstring" value="275"/>
<entry key="276" type="xstring" value="276"/>
<entry key="277" type="xstring" value="277"/>
<entry key="278" type="xstring" value="278"/>
<entry key="279" type="xstring" value="279"/>
<entry key="280" type="xstring" value="280"/>
<entry key="281" type="xstring" value="281"/>
<entry key="282" type="xstring" value="282"/>
<entry key="283" type="xstring" value="283"/>
<entry key="284" type="xstring" value="284"/>
<entry key="285" type="xstring" value="285"/>
<entry key="286" type="xstring" value="286"/>
<entry key="287" type="xstring" value="287"/>
<entry key="288" type="xstring" value="288"/>
<entry key="289" type="xstring" value="289"/>
<entry key="290" type="xstring" value="290"/>
<entry key="291" type="xstring" value="291"/>
<entry key="292" type="xstring" value="292"/>
<entry key="293" type="xstring" value="293"/>
<entry key="294" type="xstring" value="294"/>
<entry key="295" type="xstring" value="295"/>
<entry key="296" type="xstring" value="296"/>
<entry key="297" type="xstring" value="297"/>
<entry key="298" type="xstring" value="298"/>
<entry key="299" type="xstring" value="299"/>
<entry key="300" type="xstring" value="300"/>
<entry key="301" type="xstring" value="301"/>
<entry key="302" type="xstring" value="302"/>
<entry key="303" type="xstring" value="303"/>
<entry key="304" type="xstring" value="304"/>
<entry key="305" type="xstring" value="305"/>
<entry key="306" type="xstring" value="306"/>
<entry key="307" type="xstring" value="307"/>
<entry key="308" type="xstring" value="308"/>
<entry key="309" type="xstring" value="309"/>
<entry key="310" type="xstring" value="310"/>
<entry key="311" type="xstring" value="311"/>
<entry key="312" type="xstring" value="312"/>
<entry key="313" type="xstring" value="313"/>
<entry key="314" type="xstring" value="314"/>
<entry key="315" type="xstring" value="315"/>
<entry key="316" type="xstring" value="316"/>
<entry key="317" type="xstring" value="317"/>
<entry key="318" type="xstring" value="318"/>
<entry key="319" type="xstring" value="319"/>
<entry key="320" type="xstring" value="320"/>
<entry key="321" type="xstring" value="321"/>
<entry key="322" type="xstring" value="322"/>
<entry key="323" type="xstring" value="323"/>
<entry key="324" type="xstring" value="324"/>
<entry key="325" type="xstring" value="325"/>
<entry key="326" type="xstring" value="326"/>
<entry key="327" type="xstring" value="327"/>
<entry key="328" type="xstring" value="328"/>
<entry key="329" type="xstring" value="329"/>
<entry key="330" type="xstring" value="330"/>
<entry key="331" type="xstring" value="331"/>
<entry key="332" type="xstring" value="332"/>
<entry key="333" type="xstring" value="333"/>
<entry key="334" type="xstring" value="334"/>
<entry key="335" type="xstring" value="335"/>
<entry key="336" type="xstring" value="336"/>
<entry key="337" type="xstring" value="337"/>
<entry key="338" type="xstring" value="338"/>
<entry key="339" type="xstring" value="339"/>
<entry key="340" type="xstring" value="340"/>
<entry key="341" type="xstring" value="341"/>
<entry key="342" type="xstring" value="342"/>
<entry key="343" type="xstring" value="343"/>
<entry key="344" type="xstring" value="344"/>
<entry key="345" type="xstring" value="345"/>
<entry key="346" type="xstring" value="346"/>
<entry key="347" type="xstring" value="347"/>
<entry key="348" type="xstring" value="348"/>
<entry key="349" type="xstring" value="349"/>
<entry key="350" type="xstring" value="350"/>
<entry key="351" type="xstring" value="351"/>
<entry key="352" type="xstring" value="352"/>
<entry key="353" type="xstring" value="353"/>
<entry key="354" type="xstring" value="354"/>
<entry key="355" type="xstring" value="355"/>
<entry key="356" type="xstring" value="356"/>
<entry key="357" type="xstring" value="357"/>
<entry key="358" type="xstring" value="358"/>
<entry key="359" type="xstring" value="359"/>
<entry key="360" type="xstring" value="360"/>
<entry key="361" type="xstring" value="361"/>
<entry key="362" type="xstring" value="362"/>
<entry key="363" type="xstring" value="363"/>
<entry key="364" type="xstring" value="364"/>
<entry key="365" type="xstring" value="365"/>
<entry key="366" type="xstring" value="366"/>
<entry key="367" type="xstring" value="367"/>
<entry key="368" type="xstring" value="368"/>
<entry key="369" type="xstring" value="369"/>
<entry key="370" type="xstring" value="370"/>
<entry key="371" type="xstring" value="371"/>
<entry key="372" type="xstring" value="372"/>
<entry key="373" type="xstring" value="373"/>
<entry key="374" type="xstring" value="374"/>
<entry key="375" type="xstring" value="375"/>
<entry key="376" type="xstring" value="376"/>
<entry key="377" type="xstring" value="377"/>
<entry key="378" type="xstring" value="378"/>
<entry key="379" type="xstring" value="379"/>
<entry key="380" type="xstring" value="380"/>
<entry key="381" type="xstring" value="381"/>
<entry key="382" type="xstring" value="382"/>
<entry key="383" type="xstring" value="383"/>
<entry key="384" type="xstring" value="384"/>
<entry key="385" type="xstring" value="385"/>
<entry key="386" type="xstring" value="386"/>
<entry key="387" type="xstring" value="387"/>
<entry key="388" type="xstring" value="388"/>
<entry key="389" type="xstring" value="389"/>
<entry key="390" type="xstring" value="390"/>
<entry key="391" type="xstring" value="391"/>
<entry key="392" type="xstring" value="392"/>
<entry key="393" type="xstring" value="393"/>
<entry key="394" type="xstring" value="394"/>
<entry key="395" type="xstring" value="395"/>
<entry key="396" type="xstring" value="396"/>
<entry key="397" type="xstring" value="397"/>
<entry key="398" type="xstring" value="398"/>
<entry key="399" type="xstring" value="399"/>
<entry key="400" type="xstring" value="400"/>
<entry key="401" type="xstring" value="401"/>
<entry key="402" type="xstring" value="402"/>
<entry key="403" type="xstring" value="403"/>
<entry key="404" type="xstring" value="404"/>
<entry key="405" type="xstring" value="405"/>
<entry key="406" type="xstring" value="406"/>
<entry key="407" type="xstring" value="407"/>
<entry key="408" type="xstring" value="408"/>
<entry key="409" type="xstring" value="409"/>
<entry key="410" type="xstring" value="410"/>
<entry key="411" type="xstring" value="411"/>
<entry key="412" type="xstring" value="412"/>
<entry key="413" type="xstring" value="413"/>
<entry key="414" type="xstring" value="414"/>
<entry key="415" type="xstring" value="415"/>
<entry key="416" type="xstring" value="416"/>
<entry key="417" type="xstring" value="417"/>
<entry key="418" type="xstring" value="418"/>
<entry key="419" type="xstring" value="419"/>
<entry key="420" type="xstring" value="420"/>
<entry key="421" type="xstring" value="421"/>
<entry key="422" type="xstring" value="422"/>
<entry key="423" type="xstring" value="423"/>
<entry key="424" type="xstring" value="424"/>
<entry key="425" type="xstring" value="425"/>
<entry key="426" type="xstring" value="426"/>
<entry key="427" type="xstring" value="427"/>
<entry key="428" type="xstring" value="428"/>
<entry key="429" type="xstring" value="429"/>
<entry key="430" type="xstring" value="430"/>
<entry key="431" type="xstring" value="431"/>
<entry key="432" type="xstring" value="432"/>
<entry key="433" type="xstring" value="433"/>
<entry key="434" type="xstring" value="434"/>
<entry key="435" type="xstring" value="435"/>
<entry key="436" type="xstring" value="436"/>
<entry key="437" type="xstring" value="437"/>
<entry key="438" type="xstring" value="438"/>
<entry key="439" type="xstring" value="439"/>
<entry key="440" type="xstring" value="440"/>
<entry key="441" type="xstring" value="441"/>
<entry key="442" type="xstring" value="442"/>
<entry key="443" type="xstring" value="443"/>
<entry key="444" type="xstring" value="444"/>
<entry key="445" type="xstring" value="445"/>
<entry key="446" type="xstring" value="446"/>
<entry key="447" type="xstring" value="447"/>
<entry key="448" type="xstring" value="448"/>
<entry key="449" type="xstring" value="449"/>
<entry key="450" type="xstring" value="450"/>
<entry key="451" type="xstring" value="451"/>
<entry key="452" type="xstring" value="452"/>
<entry key="453" type="xstring" value="453"/>
<entry key="454" type="xstring" value="454"/>
<entry key="455" type="xstring" value="455"/>
<entry key="456" type="xstring" value="456"/>
<entry key="457" type="xstring" value="457"/>
<entry key="458" type="xstring" value="458"/>
<entry key="459" type="xstring" value="459"/>
<entry key="460" type="xstring" value="460"/>
<entry key="461" type="xstring" value="461"/>
<entry key="462" type="xstring" value="462"/>
<entry key="463" type="xstring" value="463"/>
<entry key="464" type="xstring" value="464"/>
<entry key="465" type="xstring" value="465"/>
<entry key="466" type="xstring" value="466"/>
<entry key="467" type="xstring" value="467"/>
<entry key="468" type="xstring" value="468"/>
<entry key="469" type="xstring" value="469"/>
<entry key="470" type="xstring" value="470"/>
<entry key="471" type="xstring" value="471"/>
<entry key="472" type="xstring" value="472"/>
<entry key="473" type="xstring" value="473"/>
<entry key="474" type="xstring" value="474"/>
<entry key="475" type="xstring" value="475"/>
<entry key="476" type="xstring" value="476"/>
<entry key="477" type="xstring" value="477"/>
<entry key="478" type="xstring" value="478"/>
<entry key="479" type="xstring" value="479"/>
<entry key="480" type="xstring" value="480"/>
<entry key="481" type="xstring" value="481"/>
<entry key="482" type="xstring" value="482"/>
<entry key="483" type="xstring" value="483"/>
<entry key="484" type="xstring" value="484"/>
<entry key="485" type="xstring" value="485"/>
<entry key="486" type="xstring" value="486"/>
<entry key="487" type="xstring" value="487"/>
<entry key="488" type="xstring" value="488"/>
<entry key="489" type="xstring" value="489"/>
<entry key="490" type="xstring" value="490"/>
<entry key="491" type="xstring" value="491"/>
<entry key="492" type="xstring" value="492"/>
<entry key="493" type="xstring" value="493"/>
<entry key="494" type="xstring" value="494"/>
<entry key="495" type="xstring" value="495"/>
<entry key="496" type="xstring" value="496"/>
<entry key="497" type="xstring" value="497"/>
<entry key="498" type="xstring" value="498"/>
<entry key="499" type="xstring" value="499"/>
<entry key="500" type="xstring" value="500"/>
<entry key="501" type="xstring" value="501"/>
<entry key="502" type="xstring" value="502"/>
<entry key="503" type="xstring" value="503"/>
<entry key="504" type="xstring" value="504"/>
<entry key="505" type="xstring" value="505"/>
<entry key="506" type="xstring" value="506"/>
<entry key="507" type="xstring" value="507"/>
<entry key="508" type="xstring" value="508"/>
<entry key="509" type="xstring" value="509"/>
<entry key="510" type="xstring" value="510"/>
<entry key="511" type="xstring" value="511"/>
<entry key="512" type="xstring" value="512"/>
<entry key="513" type="xstring" value="513"/>
<entry key="514" type="xstring" value="514"/>
<entry key="515" type="xstring" value="515"/>
<entry key="516" type="xstring" value="516"/>
<entry key="517" type="xstring" value="517"/>
<entry key="518" type="xstring" value="518"/>
<entry key="519" type="xstring" value="519"/>
<entry key="520" type="xstring" value="520"/>
<entry key="521" type="xstring" value="521"/>
<entry key="522" type="xstring" value="522"/>
<entry key="523" type="xstring" value="523"/>
<entry key="524" type="xstring" value="524"/>
<entry key="525" type="xstring" value="525"/>
<entry key="526" type="xstring" value="526"/>
<entry key="527" type="xstring" value="527"/>
<entry key="528" type="xstring" value="528"/>
<entry key="529" type="xstring" value="529"/>
<entry key="530" type="xstring" value="530"/>
<entry key="531" type="xstring" value="531"/>
<entry key="532" type="xstring" value="532"/>
<entry key="533" type="xstring" value="533"/>
<entry key="534" type="xstring" value="534"/>
<entry key="535" type="xstring" value="535"/>
<entry key="536" type="xstring" value="536"/>
<entry key="537" type="xstring" value="537"/>
<entry key="538" type="xstring" value="538"/>
<entry key="539" type="xstring" value="539"/>
<entry key="540" type="xstring" value="540"/>
<entry key="541" type="xstring" value="541"/>
<entry key="542" type="xstring" value="542"/>
<entry key="543" type="xstring" value="543"/>
<entry key="544" type="xstring" value="544"/>
<entry key="545" type="xstring" value="545"/>
<entry key="546" type="xstring" value="546"/>
<entry key="547" type="xstring" value="547"/>
<entry key="548" type="xstring" value="548"/>
<entry key="549" type="xstring" value="549"/>
<entry key="550" type="xstring" value="550"/>
<entry key="551" type="xstring" value="551"/>
<entry key="552" type="xstring" value="552"/>
<entry key="553" type="xstring" value="553"/>
<entry key="554" type="xstring" value="554"/>
<entry key="555" type="xstring" value="555"/>
<entry key="556" type="xstring" value="556"/>
<entry key="557" type="xstring" value="557"/>
<entry key="558" type="xstring" value="558"/>
<entry key="559" type="xstring" value="559"/>
<entry key="560" type="xstring" value="560"/>
<entry key="561" type="xstring" value="561"/>
<entry key="562" type="xstring" value="562"/>
<entry key="563" type="xstring" value="563"/>
<entry key="564" type="xstring" value="564"/>
<entry key="565" type="xstring" value="565"/>
<entry key="566" type="xstring" value="566"/>
<entry key="567" type="xstring" value="567"/>
<entry key="568" type="xstring" value="568"/>
<entry key="569" type="xstring" value="569"/>
<entry key="570" type="xstring" value="570"/>
<entry key="571" type="xstring" value="571"/>
<entry key="572" type="xstring" value="572"/>
<entry key="573" type="xstring" value="573"/>
<entry key="574" type="xstring" value="574"/>
<entry key="575" type="xstring" value="575"/>
<entry key="576" type="xstring" value="576"/>
<entry key="577" type="xstring" value="577"/>
<entry key="578" type="xstring" value="578"/>
<entry key="579" type="xstring" value="579"/>
<entry key="580" type="xstring" value="580"/>
<entry key="581" type="xstring" value="581"/>
<entry key="582" type="xstring" value="582"/>
<entry key="583" type="xstring" value="583"/>
<entry key="584" type="xstring" value="584"/>
<entry key="585" type="xstring" value="585"/>
<entry key="586" type="xstring" value="586"/>
<entry key="587" type="xstring" value="587"/>
<entry key="588" type="xstring" value="588"/>
<entry key="589" type="xstring" value="589"/>
<entry key="590" type="xstring" value="590"/>
<entry key="591" type="xstring" value="591"/>
<entry key="592" type="xstring" value="592"/>
<entry key="593" type="xstring" value="593"/>
<entry key="594" type="xstring" value="594"/>
<entry key="595" type="xstring" value="595"/>
<entry key="596" type="xstring" value="596"/>
<entry key="597" type="xstring" value="597"/>
<entry key="598" type="xstring" value="598"/>
<entry key="599" type="xstring" value="599"/>
<entry key="600" type="xstring" value="600"/>
<entry key="601" type="xstring" value="601"/>
<entry key="602" type="xstring" value="602"/>
<entry key="603" type="xstring" value="603"/>
<entry key="604" type="xstring" value="604"/>
<entry key="605" type="xstring" value="605"/>
<entry key="606" type="xstring" value="606"/>
<entry key="607" type="xstring" value="607"/>
<entry key="608" type="xstring" value="608"/>
<entry key="609" type="xstring" value="609"/>
<entry key="610" type="xstring" value="610"/>
<entry key="611" type="xstring" value="611"/>
<entry key="612" type="xstring" value="612"/>
<entry key="613" type="xstring" value="613"/>
<entry key="614" type="xstring" value="614"/>
<entry key="615" type="xstring" value="615"/>
<entry key="616" type="xstring" value="616"/>
<entry key="617" type="xstring" value="617"/>
<entry key="618" type="xstring" value="618"/>
<entry key="619" type="xstring" value="619"/>
<entry key="620" type="xstring" value="620"/>
<entry key="621" type="xstring" value="621"/>
<entry key="622" type="xstring" value="622"/>
<entry key="623" type="xstring" value="623"/>
<entry key="624" type="xstring" value="624"/>
<entry key="625" type="xstring" value="625"/>
<entry key="626" type="xstring" value="626"/>
<entry key="627" type="xstring" value="627"/>
<entry key="628" type="xstring" value="628"/>
<entry key="629" type="xstring" value="629"/>
<entry key="630" type="xstring" value="630"/>
<entry key="631" type="xstring" value="631"/>
<entry key="632" type="xstring" value="632"/>
<entry key="633" type="xstring" value="633"/>
<entry key="634" type="xstring" value="634"/>
<entry key="635" type="xstring" value="635"/>
<entry key="636" type="xstring" value="636"/>
<entry key="637" type="xstring" value="637"/>
<entry key="638" type="xstring" value="638"/>
<entry key="639" type="xstring" value="639"/>
<entry key="640" type="xstring" value="640"/>
<entry key="641" type="xstring" value="641"/>
<entry key="642" type="xstring" value="642"/>
<entry key="643" type="xstring" value="643"/>
<entry key="644" type="xstring" value="644"/>
<entry key="645" type="xstring" value="645"/>
<entry key="646" type="xstring" value="646"/>
<entry key="647" type="xstring" value="647"/>
<entry key="648" type="xstring" value="648"/>
<entry key="649" type="xstring" value="649"/>
<entry key="650" type="xstring" value="650"/>
<entry key="651" type="xstring" value="651"/>
<entry key="652" type="xstring" value="652"/>
<entry key="653" type="xstring" value="653"/>
<entry key="654" type="xstring" value="654"/>
<entry key="655" type="xstring" value="655"/>
<entry key="656" type="xstring" value="656"/>
<entry key="657" type="xstring" value="657"/>
<entry key="658" type="xstring" value="658"/>
<entry key="659" type="xstring" value="659"/>
<entry key="660" type="xstring" value="660"/>
<entry key="661" type="xstring" value="661"/>
<entry key="662" type="xstring" value="662"/>
<entry key="663" type="xstring" value="663"/>
<entry key="664" type="xstring" value="664"/>
<entry key="665" type="xstring" value="665"/>
<entry key="666" type="xstring" value="666"/>
<entry key="667" type="xstring" value="667"/>
<entry key="668" type="xstring" value="668"/>
<entry key="669" type="xstring" value="669"/>
<entry key="670" type="xstring" value="670"/>
<entry key="671" type="xstring" value="671"/>
<entry key="672" type="xstring" value="672"/>
<entry key="673" type="xstring" value="673"/>
<entry key="674" type="xstring" value="674"/>
<entry key="675" type="xstring" value="675"/>
<entry key="676" type="xstring" value="676"/>
<entry key="677" type="xstring" value="677"/>
<entry key="678" type="xstring" value="678"/>
<entry key="679" type="xstring" value="679"/>
<entry key="680" type="xstring" value="680"/>
<entry key="681" type="xstring" value="681"/>
<entry key="682" type="xstring" value="682"/>
<entry key="683" type="xstring" value="683"/>
<entry key="684" type="xstring" value="684"/>
<entry key="685" type="xstring" value="685"/>
<entry key="686" type="xstring" value="686"/>
<entry key="687" type="xstring" value="687"/>
<entry key="688" type="xstring" value="688"/>
<entry key="689" type="xstring" value="689"/>
<entry key="690" type="xstring" value="690"/>
<entry key="691" type="xstring" value="691"/>
<entry key="692" type="xstring" value="692"/>
<entry key="693" type="xstring" value="693"/>
<entry key="694" type="xstring" value="694"/>
<entry key="695" type="xstring" value="695"/>
<entry key="696" type="xstring" value="696"/>
<entry key="697" type="xstring" value="697"/>
<entry key="698" type="xstring" value="698"/>
<entry key="699" type="xstring" value="699"/>
<entry key="700" type="xstring" value="700"/>
<entry key="701" type="xstring" value="701"/>
<entry key="702" type="xstring" value="702"/>
<entry key="703" type="xstring" value="703"/>
<entry key="704" type="xstring" value="704"/>
<entry key="705" type="xstring" value="705"/>
<entry key="706" type="xstring" value="706"/>
<entry key="707" type="xstring" value="707"/>
<entry key="708" type="xstring" value="708"/>
<entry key="709" type="xstring" value="709"/>
<entry key="710" type="xstring" value="710"/>
<entry key="711" type="xstring" value="711"/>
<entry key="712" type="xstring" value="712"/>
<entry key="713" type="xstring" value="713"/>
<entry key="714" type="xstring" value="714"/>
<entry key="715" type="xstring" value="715"/>
<entry key="716" type="xstring" value="716"/>
<entry key="717" type="xstring" value="717"/>
<entry key="718" type="xstring" value="718"/>
<entry key="719" type="xstring" value="719"/>
<entry key="720" type="xstring" value="720"/>
<entry key="721" type="xstring" value="721"/>
<entry key="722" type="xstring" value="722"/>
<entry key="723" type="xstring" value="723"/>
<entry key="724" type="xstring" value="724"/>
<entry key="725" type="xstring" value="725"/>
<entry key="726" type="xstring" value="726"/>
<entry key="727" type="xstring" value="727"/>
<entry key="728" type="xstring" value="728"/>
<entry key="729" type="xstring" value="729"/>
<entry key="730" type="xstring" value="730"/>
<entry key="731" type="xstring" value="731"/>
<entry key="732" type="xstring" value="732"/>
<entry key="733" type="xstring" value="733"/>
<entry key="734" type="xstring" value="734"/>
<entry key="735" type="xstring" value="735"/>
<entry key="736" type="xstring" value="736"/>
<entry key="737" type="xstring" value="737"/>
<entry key="738" type="xstring" value="738"/>
<entry key="739" type="xstring" value="739"/>
<entry key="740" type="xstring" value="740"/>
<entry key="741" type="xstring" value="741"/>
<entry key="742" type="xstring" value="742"/>
<entry key="743" type="xstring" value="743"/>
<entry key="744" type="xstring" value="744"/>
<entry key="745" type="xstring" value="745"/>
<entry key="746" type="xstring" value="746"/>
<entry key="747" type="xstring" value="747"/>
<entry key="748" type="xstring" value="748"/>
<entry key="749" type="xstring" value="749"/>
<entry key="750" type="xstring" value="750"/>
<entry key="751" type="xstring" value="751"/>
<entry key="752" type="xstring" value="752"/>
<entry key="753" type="xstring" value="753"/>
<entry key="754" type="xstring" value="754"/>
<entry key="755" type="xstring" value="755"/>
<entry key="756" type="xstring" value="756"/>
<entry key="757" type="xstring" value="757"/>
<entry key="758" type="xstring" value="758"/>
<entry key="759" type="xstring" value="759"/>
<entry key="760" type="xstring" value="760"/>
<entry key="761" type="xstring" value="761"/>
<entry key="762" type="xstring" value="762"/>
<entry key="763" type="xstring" value="763"/>
<entry key="764" type="xstring" value="764"/>
<entry key="765" type="xstring" value="765"/>
<entry key="766" type="xstring" value="766"/>
<entry key="767" type="xstring" value="767"/>
<entry key="768" type="xstring" value="768"/>
<entry key="769" type="xstring" value="769"/>
<entry key="770" type="xstring" value="770"/>
<entry key="771" type="xstring" value="771"/>
<entry key="772" type="xstring" value="772"/>
<entry key="773" type="xstring" value="773"/>
<entry key="774" type="xstring" value="774"/>
<entry key="775" type="xstring" value="775"/>
<entry key="776" type="xstring" value="776"/>
<entry key="777" type="xstring" value="777"/>
<entry key="778" type="xstring" value="778"/>
<entry key="779" type="xstring" value="779"/>
<entry key="780" type="xstring" value="780"/>
<entry key="781" type="xstring" value="781"/>
<entry key="782" type="xstring" value="782"/>
<entry key="783" type="xstring" value="783"/>
<entry key="784" type="xstring" value="784"/>
<entry key="785" type="xstring" value="785"/>
<entry key="786" type="xstring" value="786"/>
<entry key="787" type="xstring" value="787"/>
<entry key="788" type="xstring" value="788"/>
<entry key="789" type="xstring" value="789"/>
<entry key="790" type="xstring" value="790"/>
<entry key="791" type="xstring" value="791"/>
<entry key="792" type="xstring" value="792"/>
<entry key="793" type="xstring" value="793"/>
<entry key="794" type="xstring" value="794"/>
<entry key="795" type="xstring" value="795"/>
<entry key="796" type="xstring" value="796"/>
<entry key="797" type="xstring" value="797"/>
<entry key="798" type="xstring" value="798"/>
<entry key="799" type="xstring" value="799"/>
<entry key="800" type="xstring" value="800"/>
<entry key="801" type="xstring" value="801"/>
<entry key="802" type="xstring" value="802"/>
<entry key="803" type="xstring" value="803"/>
<entry key="804" type="xstring" value="804"/>
<entry key="805" type="xstring" value="805"/>
<entry key="806" type="xstring" value="806"/>
<entry key="807" type="xstring" value="807"/>
<entry key="808" type="xstring" value="808"/>
<entry key="809" type="xstring" value="809"/>
<entry key="810" type="xstring" value="810"/>
<entry key="811" type="xstring" value="811"/>
<entry key="812" type="xstring" value="812"/>
<entry key="813" type="xstring" value="813"/>
<entry key="814" type="xstring" value="814"/>
<entry key="815" type="xstring" value="815"/>
<entry key="816" type="xstring" value="816"/>
<entry key="817" type="xstring" value="817"/>
<entry key="818" type="xstring" value="818"/>
<entry key="819" type="xstring" value="819"/>
<entry key="820" type="xstring" value="820"/>
<entry key="821" type="xstring" value="821"/>
<entry key="822" type="xstring" value="822"/>
<entry key="823" type="xstring" value="823"/>
<entry key="824" type="xstring" value="824"/>
<entry key="825" type="xstring" value="825"/>
<entry key="826" type="xstring" value="826"/>
<entry key="827" type="xstring" value="827"/>
<entry key="828" type="xstring" value="828"/>
<entry key="829" type="xstring" value="829"/>
<entry key="830" type="xstring" value="830"/>
<entry key="831" type="xstring" value="831"/>
<entry key="832" type="xstring" value="832"/>
<entry key="833" type="xstring" value="833"/>
<entry key="834" type="xstring" value="834"/>
<entry key="835" type="xstring" value="835"/>
<entry key="836" type="xstring" value="836"/>
<entry key="837" type="xstring" value="837"/>
<entry key="838" type="xstring" value="838"/>
<entry key="839" type="xstring" value="839"/>
<entry key="840" type="xstring" value="840"/>
<entry key="841" type="xstring" value="841"/>
<entry key="842" type="xstring" value="842"/>
<entry key="843" type="xstring" value="843"/>
<entry key="844" type="xstring" value="844"/>
<entry key="845" type="xstring" value="845"/>
<entry key="846" type="xstring" value="846"/>
<entry key="847" type="xstring" value="847"/>
<entry key="848" type="xstring" value="848"/>
<entry key="849" type="xstring" value="849"/>
<entry key="850" type="xstring" value="850"/>
<entry key="851" type="xstring" value="851"/>
<entry key="852" type="xstring" value="852"/>
<entry key="853" type="xstring" value="853"/>
<entry key="854" type="xstring" value="854"/>
<entry key="855" type="xstring" value="855"/>
<entry key="856" type="xstring" value="856"/>
<entry key="857" type="xstring" value="857"/>
<entry key="858" type="xstring" value="858"/>
<entry key="859" type="xstring" value="859"/>
<entry key="860" type="xstring" value="860"/>
<entry key="861" type="xstring" value="861"/>
<entry key="862" type="xstring" value="862"/>
<entry key="863" type="xstring" value="863"/>
<entry key="864" type="xstring" value="864"/>
<entry key="865" type="xstring" value="865"/>
<entry key="866" type="xstring" value="866"/>
<entry key="867" type="xstring" value="867"/>
<entry key="868" type="xstring" value="868"/>
<entry key="869" type="xstring" value="869"/>
<entry key="870" type="xstring" value="870"/>
<entry key="871" type="xstring" value="871"/>
<entry key="872" type="xstring" value="872"/>
<entry key="873" type="xstring" value="873"/>
<entry key="874" type="xstring" value="874"/>
<entry key="875" type="xstring" value="875"/>
<entry key="876" type="xstring" value="876"/>
<entry key="877" type="xstring" value="877"/>
<entry key="878" type="xstring" value="878"/>
<entry key="879" type="xstring" value="879"/>
<entry key="880" type="xstring" value="880"/>
<entry key="881" type="xstring" value="881"/>
<entry key="882" type="xstring" value="882"/>
<entry key="883" type="xstring" value="883"/>
<entry key="884" type="xstring" value="884"/>
<entry key="885" type="xstring" value="885"/>
<entry key="886" type="xstring" value="886"/>
<entry key="887" type="xstring" value="887"/>
<entry key="888" type="xstring" value="888"/>
<entry key="889" type="xstring" value="889"/>
<entry key="890" type="xstring" value="890"/>
<entry key="891" type="xstring" value="891"/>
<entry key="892" type="xstring" value="892"/>
<entry key="893" type="xstring" value="893"/>
<entry key="894" type="xstring" value="894"/>
<entry key="895" type="xstring" value="895"/>
<entry key="896" type="xstring" value="896"/>
<entry key="897" type="xstring" value="897"/>
<entry key="898" type="xstring" value="898"/>
<entry key="899" type="xstring" value="899"/>
<entry key="900" type="xstring" value="900"/>
<entry key="901" type="xstring" value="901"/>
<entry key="902" type="xstring" value="902"/>
<entry key="903" type="xstring" value="903"/>
<entry key="904" type="xstring" value="904"/>
<entry key="905" type="xstring" value="905"/>
<entry key="906" type="xstring" value="906"/>
<entry key="907" type="xstring" value="907"/>
<entry key="908" type="xstring" value="908"/>
<entry key="909" type="xstring" value="909"/>
<entry key="910" type="xstring" value="910"/>
<entry key="911" type="xstring" value="911"/>
<entry key="912" type="xstring" value="912"/>
<entry key="913" type="xstring" value="913"/>
<entry key="914" type="xstring" value="914"/>
<entry key="915" type="xstring" value="915"/>
<entry key="916" type="xstring" value="916"/>
<entry key="917" type="xstring" value="917"/>
<entry key="918" type="xstring" value="918"/>
<entry key="919" type="xstring" value="919"/>
<entry key="920" type="xstring" value="920"/>
<entry key="921" type="xstring" value="921"/>
<entry key="922" type="xstring" value="922"/>
<entry key="923" type="xstring" value="923"/>
<entry key="924" type="xstring" value="924"/>
<entry key="925" type="xstring" value="925"/>
<entry key="926" type="xstring" value="926"/>
<entry key="927" type="xstring" value="927"/>
<entry key="928" type="xstring" value="928"/>
<entry key="929" type="xstring" value="929"/>
<entry key="930" type="xstring" value="930"/>
<entry key="931" type="xstring" value="931"/>
<entry key="932" type="xstring" value="932"/>
<entry key="933" type="xstring" value="933"/>
<entry key="934" type="xstring" value="934"/>
<entry key="935" type="xstring" value="935"/>
<entry key="936" type="xstring" value="936"/>
<entry key="937" type="xstring" value="937"/>
<entry key="938" type="xstring" value="938"/>
<entry key="939" type="xstring" value="939"/>
<entry key="940" type="xstring" value="940"/>
<entry key="941" type="xstring" value="941"/>
<entry key="942" type="xstring" value="942"/>
<entry key="943" type="xstring" value="943"/>
<entry key="944" type="xstring" value="944"/>
<entry key="945" type="xstring" value="945"/>
<entry key="946" type="xstring" value="946"/>
<entry key="947" type="xstring" value="947"/>
<entry key="948" type="xstring" value="948"/>
<entry key="949" type="xstring" value="949"/>
<entry key="950" type="xstring" value="950"/>
<entry key="951" type="xstring" value="951"/>
<entry key="952" type="xstring" value="952"/>
<entry key="953" type="xstring" value="953"/>
<entry key="954" type="xstring" value="954"/>
<entry key="955" type="xstring" value="955"/>
<entry key="956" type="xstring" value="956"/>
<entry key="957" type="xstring" value="957"/>
<entry key="958" type="xstring" value="958"/>
<entry key="959" type="xstring" value="959"/>
<entry key="960" type="xstring" value="960"/>
<entry key="961" type="xstring" value="961"/>
<entry key="962" type="xstring" value="962"/>
<entry key="963" type="xstring" value="963"/>
<entry key="964" type="xstring" value="964"/>
<entry key="965" type="xstring" value="965"/>
<entry key="966" type="xstring" value="966"/>
<entry key="967" type="xstring" value="967"/>
<entry key="968" type="xstring" value="968"/>
<entry key="969" type="xstring" value="969"/>
<entry key="970" type="xstring" value="970"/>
<entry key="971" type="xstring" value="971"/>
<entry key="972" type="xstring" value="972"/>
<entry key="973" type="xstring" value="973"/>
<entry key="974" type="xstring" value="974"/>
<entry key="975" type="xstring" value="975"/>
<entry key="976" type="xstring" value="976"/>
<entry key="977" type="xstring" value="977"/>
<entry key="978" type="xstring" value="978"/>
<entry key="979" type="xstring" value="979"/>
<entry key="980" type="xstring" value="980"/>
<entry key="981" type="xstring" value="981"/>
<entry key="982" type="xstring" value="982"/>
<entry key="983" type="xstring" value="983"/>
<entry key="984" type="xstring" value="984"/>
<entry key="985" type="xstring" value="985"/>
<entry key="986" type="xstring" value="986"/>
<entry key="987" type="xstring" value="987"/>
<entry key="988" type="xstring" value="988"/>
<entry key="989" type="xstring" value="989"/>
<entry key="990" type="xstring" value="990"/>
<entry key="991" type="xstring" value="991"/>
<entry key="992" type="xstring" value="992"/>
<entry key="993" type="xstring" value="993"/>
<entry key="994" type="xstring" value="994"/>
<entry key="995" type="xstring" value="995"/>
<entry key="996" type="xstring" value="996"/>
<entry key="997" type="xstring" value="997"/>
<entry key="998" type="xstring" value="998"/>
<entry key="999" type="xstring" value="999"/>
<entry key="1000" type="xstring" value="1000"/>
<entry key="1001" type="xstring" value="1001"/>
<entry key="1002" type="xstring" value="1002"/>
<entry key="1003" type="xstring" value="1003"/>
<entry key="1004" type="xstring" value="1004"/>
<entry key="1005" type="xstring" value="1005"/>
<entry key="1006" type="xstring" value="1006"/>
<entry key="1007" type="xstring" value="1007"/>
<entry key="1008" type="xstring" value="1008"/>
<entry key="1009" type="xstring" value="1009"/>
<entry key="1010" type="xstring" value="1010"/>
<entry key="1011" type="xstring" value="1011"/>
<entry key="1012" type="xstring" value="1012"/>
<entry key="1013" type="xstring" value="1013"/>
<entry key="1014" type="xstring" value="1014"/>
<entry key="1015" type="xstring" value="1015"/>
<entry key="1016" type="xstring" value="1016"/>
<entry key="1017" type="xstring" value="1017"/>
<entry key="1018" type="xstring" value="1018"/>
<entry key="1019" type="xstring" value="1019"/>
<entry key="1020" type="xstring" value="1020"/>
<entry key="1021" type="xstring" value="1021"/>
<entry key="1022" type="xstring" value="1022"/>
<entry key="1023" type="xstring" value="1023"/>
</config>
<config key="ExclList">
<entry key="array-size" type="xint" value="1"/>
<entry key="0" type="xstring" value="Outcome"/>
</config>
<entry key="keep_all_columns_selected" type="xboolean" value="false"/>
</config>
<entry key="decimal_separator" type="xstring" value="."/>
<entry key="thousands_separator" type="xstring" value=""/>
<config key="parse_type">
<entry key="cell_class" type="xstring" value="org.knime.core.data.def.IntCell"/>
<entry key="is_null" type="xboolean" value="false"/>
</config>
</config>
<entry key="hasContent" type="xboolean" value="true"/>
<entry key="isInactive" type="xboolean" value="false"/>
<config key="ports">
<config key="port_1">
<entry key="index" type="xint" value="1"/>
<entry key="port_spec_class" type="xstring" value="org.knime.core.data.DataTableSpec"/>
<entry key="port_object_class" type="xstring" value="org.knime.core.node.BufferedDataTable"/>
<entry key="port_object_summary" type="xstring" value="Rows: 706, Cols: 1025"/>
<entry key="port_dir_location" type="xstring" value="port_1"/>
</config>
</config>
</config>
