<?xml version="1.0" encoding="UTF-8"?>
<config xmlns="http://www.knime.org/2008/09/XMLConfig" xmlns:xsi="http://www.w3.org/2001/XMLSchema-instance" xsi:schemaLocation="http://www.knime.org/2008/09/XMLConfig http://www.knime.org/XMLConfig_2008_09.xsd" key="settings.xml">
<entry key="name" type="xstring" value="Column Filter"/>
<config key="model">
<entry key="selectionOption" type="xstring" value="EnforceExclusion"/>
<config key="exclude">
<entry key="array-size" type="xint" value="11"/>
<entry key="0" type="xstring" value="CHROM"/>
<entry key="1" type="xstring" value="kg.name"/>
<entry key="2" type="xstring" value="num.samples"/>
<entry key="3" type="xstring" value="num.distinct.snp"/>
<entry key="4" type="xstring" value="Sample1"/>
<entry key="5" type="xstring" value="Sample2"/>
<entry key="6" type="xstring" value="Sample3"/>
<entry key="7" type="xstring" value="Sample4"/>
<entry key="8" type="xstring" value="Sample5"/>
<entry key="9" type="xstring" value="Sample6"/>
<entry key="10" type="xstring" value="spID"/>
</config>
</config>
<entry key="hasContent" type="xboolean" value="false"/>
<entry key="isInactive" type="xboolean" value="false"/>
<config key="ports">
<config key="port_1">
<entry key="index" type="xint" value="1"/>
<entry key="port_dir_location" type="xstring" isnull="true" value=""/>
</config>
</config>
</config>
