<?xml version="1.0" encoding="UTF-8"?>
<config xmlns="http://www.knime.org/2008/09/XMLConfig" xmlns:xsi="http://www.w3.org/2001/XMLSchema-instance" xsi:schemaLocation="http://www.knime.org/2008/09/XMLConfig http://www.knime.org/XMLConfig_2008_09.xsd" key="settings.xml">
<entry key="name" type="xstring" value="SDF Writer"/>
<config key="model">
<entry key="filename" type="xstring" value="/bioisosteres.sdf"/>
<entry key="titleColumn" type="xstring" isnull="true" value=""/>
<entry key="structureColumn" type="xstring" value="Product"/>
<entry key="overwriteOK" type="xboolean" value="false"/>
<config key="properties">
<entry key="array-size" type="xint" value="1"/>
<entry key="0" type="xstring" value="new-id"/>
</config>
<entry key="includeAllColumns" type="xboolean" value="false"/>
<entry key="skipProblematicItems" type="xboolean" value="false"/>
<entry key="omitMissingValues" type="xboolean" value="false"/>
</config>
<entry key="hasContent" type="xboolean" value="false"/>
<entry key="isInactive" type="xboolean" value="false"/>
<config key="ports"/>
</config>
