<?xml version="1.0" encoding="UTF-8"?>
<config xmlns="http://www.knime.org/2008/09/XMLConfig" xmlns:xsi="http://www.w3.org/2001/XMLSchema-instance" xsi:schemaLocation="http://www.knime.org/2008/09/XMLConfig http://www.knime.org/XMLConfig_2008_09.xsd" key="settings.xml">
<entry key="name" type="xstring" value="Image Reader"/>
<config key="model">
<config key="file_list_Internals">
<entry key="SettingsModelID" type="xstring" value="SMID_stringarray"/>
<entry key="EnabledStatus" type="xboolean" value="true"/>
</config>
<config key="file_list">
<entry key="array-size" type="xint" value="28"/>
<entry key="0" type="xstring" value="/Users/Shared/osra/KNIME0.png"/>
<entry key="1" type="xstring" value="/Users/Shared/osra/KNIME1.png"/>
<entry key="2" type="xstring" value="/Users/Shared/osra/KNIME10.png"/>
<entry key="3" type="xstring" value="/Users/Shared/osra/KNIME11.png"/>
<entry key="4" type="xstring" value="/Users/Shared/osra/KNIME12.png"/>
<entry key="5" type="xstring" value="/Users/Shared/osra/KNIME13.png"/>
<entry key="6" type="xstring" value="/Users/Shared/osra/KNIME14.png"/>
<entry key="7" type="xstring" value="/Users/Shared/osra/KNIME15.png"/>
<entry key="8" type="xstring" value="/Users/Shared/osra/KNIME16.png"/>
<entry key="9" type="xstring" value="/Users/Shared/osra/KNIME17.png"/>
<entry key="10" type="xstring" value="/Users/Shared/osra/KNIME18.png"/>
<entry key="11" type="xstring" value="/Users/Shared/osra/KNIME19.png"/>
<entry key="12" type="xstring" value="/Users/Shared/osra/KNIME2.png"/>
<entry key="13" type="xstring" value="/Users/Shared/osra/KNIME20.png"/>
<entry key="14" type="xstring" value="/Users/Shared/osra/KNIME21.png"/>
<entry key="15" type="xstring" value="/Users/Shared/osra/KNIME22.png"/>
<entry key="16" type="xstring" value="/Users/Shared/osra/KNIME23.png"/>
<entry key="17" type="xstring" value="/Users/Shared/osra/KNIME24.png"/>
<entry key="18" type="xstring" value="/Users/Shared/osra/KNIME25.png"/>
<entry key="19" type="xstring" value="/Users/Shared/osra/KNIME26.png"/>
<entry key="20" type="xstring" value="/Users/Shared/osra/KNIME27.png"/>
<entry key="21" type="xstring" value="/Users/Shared/osra/KNIME3.png"/>
<entry key="22" type="xstring" value="/Users/Shared/osra/KNIME4.png"/>
<entry key="23" type="xstring" value="/Users/Shared/osra/KNIME5.png"/>
<entry key="24" type="xstring" value="/Users/Shared/osra/KNIME6.png"/>
<entry key="25" type="xstring" value="/Users/Shared/osra/KNIME7.png"/>
<entry key="26" type="xstring" value="/Users/Shared/osra/KNIME8.png"/>
<entry key="27" type="xstring" value="/Users/Shared/osra/KNIME9.png"/>
</config>
<config key="plane_selection_Internals">
<entry key="SettingsModelID" type="xstring" value="SMID_imagesubsetselecction"/>
<entry key="EnabledStatus" type="xboolean" value="true"/>
</config>
<config key="plane_selection">
<entry key="num_selected_dims" type="xint" value="0"/>
</config>
<config key="xmlcolumns_Internals">
<entry key="SettingsModelID" type="xstring" value="SMID_boolean"/>
<entry key="EnabledStatus" type="xboolean" value="true"/>
</config>
<entry key="xmlcolumns" type="xboolean" value="false"/>
<config key="filename_column_Internals">
<entry key="SettingsModelID" type="xstring" value="SMID_string"/>
<entry key="EnabledStatus" type="xboolean" value="true"/>
</config>
<entry key="filename_column" type="xstring" isnull="true" value=""/>
<config key="complete_path_rowkey_Internals">
<entry key="SettingsModelID" type="xstring" value="SMID_boolean"/>
<entry key="EnabledStatus" type="xboolean" value="true"/>
</config>
<entry key="complete_path_rowkey" type="xboolean" value="false"/>
<config key="check_file_format_Internals">
<entry key="SettingsModelID" type="xstring" value="SMID_boolean"/>
<entry key="EnabledStatus" type="xboolean" value="true"/>
</config>
<entry key="check_file_format" type="xboolean" value="true"/>
<config key="group_files_Internals">
<entry key="SettingsModelID" type="xstring" value="SMID_boolean"/>
<entry key="EnabledStatus" type="xboolean" value="true"/>
</config>
<entry key="group_files" type="xboolean" value="true"/>
</config>
<entry key="hasContent" type="xboolean" value="true"/>
<entry key="isInactive" type="xboolean" value="false"/>
<config key="ports">
<config key="port_1">
<entry key="index" type="xint" value="1"/>
<entry key="port_spec_class" type="xstring" value="org.knime.core.data.DataTableSpec"/>
<entry key="port_object_class" type="xstring" value="org.knime.core.node.BufferedDataTable"/>
<entry key="port_object_summary" type="xstring" value="Rows: 28, Cols: 1"/>
<entry key="port_dir_location" type="xstring" value="port_1"/>
</config>
</config>
<config key="internalTables">
<entry key="location" type="xstring" value="internalTables"/>
<config key="content">
<config key="table_0">
<entry key="index" type="xint" value="0"/>
<entry key="table_dir_location" type="xstring" value="table_0"/>
</config>
</config>
</config>
<config key="filestores">
<entry key="file_store_location" type="xstring" value="filestore"/>
<entry key="file_store_id" type="xstring" value="dfeee7d6-bc40-432b-a4cb-c11b2870a412"/>
</config>
</config>
