{
  "elements" : {
    "nodes" : [ {
      "data" : {
        "SMILES" : "O=O",
        "inSink" : 1,
        "isSource" : 0,
        "InChI" : "InChI=1S/O2/c1-2",
        "Names" : [ "MNXM4" ],
        "id" : "MYMOFIZGZYHOMD-UHFFFAOYSA-N",
        "type" : "compound",
        "Rule ID" : null,
        "EC number" : null,
        "Reaction SMILES" : null,
        "Diameter" : null,
        "Score" : null,
        "Iteration" : null
      }
    }, {
      "data" : {
        "SMILES" : "[H]N=C(O[H])C1=C([H])N(C2([H])OC([H])(C([H])([H])OP(=O)(O[H])OP(=O)(O[H])OC([H])([H])C3([H])OC([H])(n4c([H])nc5c(N([H])[H])nc([H])nc54)C([H])(OP(=O)(O[H])O[H])C3([H])O[H])C([H])(O[H])C2([H])O[H])C([H])=C([H])C1([H])[H]",
        "inSink" : 1,
        "isSource" : 0,
        "InChI" : "InChI=1S/C21H30N7O17P3/c22-17-12-19(25-7-24-17)28(8-26-12)21-16(44-46(33,34)35)14(30)11(43-21)6-41-48(38,39)45-47(36,37)40-5-10-13(29)15(31)20(42-10)27-3-1-2-9(4-27)18(23)32/h1,3-4,7-8,10-11,13-16,20-21,29-31H,2,5-6H2,(H2,23,32)(H,36,37)(H,38,39)(H2,22,24,25)(H2,33,34,35)",
        "Names" : [ "MNXM6" ],
        "id" : "ACFIXJIJDZMPPO-UHFFFAOYSA-N",
        "type" : "compound",
        "Rule ID" : null,
        "EC number" : null,
        "Reaction SMILES" : null,
        "Diameter" : null,
        "Score" : null,
        "Iteration" : null
      }
    }, {
      "data" : {
        "SMILES" : "[H]OC(=NC([H])([H])C([H])([H])SC(=O)C([H])=C([H])c1c([H])c([H])c(O[H])c([H])c1[H])C([H])([H])C([H])([H])N=C(O[H])C([H])(O[H])C(C([H])([H])[H])(C([H])([H])[H])C([H])([H])OP(=O)(O[H])OP(=O)(O[H])OC([H])([H])C1([H])OC([H])(n2c([H])nc3c(N([H])[H])nc([H])nc32)C([H])(O[H])C1([H])OP(=O)(O[H])O[H]",
        "inSink" : 0,
        "isSource" : 0,
        "InChI" : "InChI=1S/C30H42N7O18P3S/c1-30(2,25(42)28(43)33-10-9-20(39)32-11-12-59-21(40)8-5-17-3-6-18(38)7-4-17)14-52-58(49,50)55-57(47,48)51-13-19-24(54-56(44,45)46)23(41)29(53-19)37-16-36-22-26(31)34-15-35-27(22)37/h3-8,15-16,19,23-25,29,38,41-42H,9-14H2,1-2H3,(H,32,39)(H,33,43)(H,47,48)(H,49,50)(H2,31,34,35)(H2,44,45,46)",
        "Names" : [ "None" ],
        "id" : "DMZOKBALNZWDKI-VMPITWQZSA-N",
        "type" : "compound",
        "Rule ID" : null,
        "EC number" : null,
        "Reaction SMILES" : null,
        "Diameter" : null,
        "Score" : null,
        "Iteration" : null
      }
    }, {
      "data" : {
        "SMILES" : "[H]OC(=NC([H])([H])C([H])([H])SC(=O)C([H])=C([H])c1c([H])c([H])c([H])c([H])c1[H])C([H])([H])C([H])([H])N=C(O[H])C([H])(O[H])C(C([H])([H])[H])(C([H])([H])[H])C([H])([H])OP(=O)(O[H])OP(=O)(O[H])OC([H])([H])C1([H])OC([H])(n2c([H])nc3c(N([H])[H])nc([H])nc32)C([H])(O[H])C1([H])OP(=O)(O[H])O[H]",
        "inSink" : 0,
        "isSource" : 0,
        "InChI" : "InChI=1S/C30H42N7O17P3S/c1-30(2,25(41)28(42)33-11-10-20(38)32-12-13-58-21(39)9-8-18-6-4-3-5-7-18)15-51-57(48,49)54-56(46,47)50-14-19-24(53-55(43,44)45)23(40)29(52-19)37-17-36-22-26(31)34-16-35-27(22)37/h3-9,16-17,19,23-25,29,40-41H,10-15H2,1-2H3,(H,32,38)(H,33,42)(H,46,47)(H,48,49)(H2,31,34,35)(H2,43,44,45)",
        "Names" : [ "None" ],
        "id" : "JVNVHNHITFVWIX-CMDGGOBGSA-N",
        "type" : "compound",
        "Rule ID" : null,
        "EC number" : null,
        "Reaction SMILES" : null,
        "Diameter" : null,
        "Score" : null,
        "Iteration" : null
      }
    }, {
      "data" : {
        "SMILES" : "[H]OC(=NC([H])([H])C([H])([H])S[H])C([H])([H])C([H])([H])N=C(O[H])C([H])(O[H])C(C([H])([H])[H])(C([H])([H])[H])C([H])([H])OP(=O)(O[H])OP(=O)(O[H])OC([H])([H])C1([H])OC([H])(n2c([H])nc3c(N([H])[H])nc([H])nc32)C([H])(O[H])C1([H])OP(=O)(O[H])O[H]",
        "inSink" : 1,
        "isSource" : 0,
        "InChI" : "InChI=1S/C21H36N7O16P3S/c1-21(2,16(31)19(32)24-4-3-12(29)23-5-6-48)8-41-47(38,39)44-46(36,37)40-7-11-15(43-45(33,34)35)14(30)20(42-11)28-10-27-13-17(22)25-9-26-18(13)28/h9-11,14-16,20,30-31,48H,3-8H2,1-2H3,(H,23,29)(H,24,32)(H,36,37)(H,38,39)(H2,22,25,26)(H2,33,34,35)",
        "Names" : [ "MNXM12" ],
        "id" : "RGJOEKWQDUBAIZ-UHFFFAOYSA-N",
        "type" : "compound",
        "Rule ID" : null,
        "EC number" : null,
        "Reaction SMILES" : null,
        "Diameter" : null,
        "Score" : null,
        "Iteration" : null
      }
    }, {
      "data" : {
        "SMILES" : "[H]OC(=O)C([H])(N([H])[H])C([H])([H])c1c([H])c([H])c(O[H])c([H])c1[H]",
        "inSink" : 1,
        "isSource" : 0,
        "InChI" : "InChI=1S/C9H11NO3/c10-8(9(12)13)5-6-1-3-7(11)4-2-6/h1-4,8,11H,5,10H2,(H,12,13)",
        "Names" : [ "L-tyrosine", "MNXM76" ],
        "id" : "OUYCCCASQSFEME-UHFFFAOYSA-N",
        "type" : "compound",
        "Rule ID" : null,
        "EC number" : null,
        "Reaction SMILES" : null,
        "Diameter" : null,
        "Score" : null,
        "Iteration" : null
      }
    }, {
      "data" : {
        "SMILES" : "[H]OC(=O)C([H])(N([H])[H])C([H])([H])c1c([H])c([H])c([H])c([H])c1[H]",
        "inSink" : 1,
        "isSource" : 0,
        "InChI" : "InChI=1S/C9H11NO2/c10-8(9(11)12)6-7-4-2-1-3-5-7/h1-5,8H,6,10H2,(H,11,12)",
        "Names" : [ "L-phenylalanine", "MNXM97" ],
        "id" : "COLNVLDHVKWLRT-UHFFFAOYSA-N",
        "type" : "compound",
        "Rule ID" : null,
        "EC number" : null,
        "Reaction SMILES" : null,
        "Diameter" : null,
        "Score" : null,
        "Iteration" : null
      }
    }, {
      "data" : {
        "SMILES" : "[H]OC(=O)C([H])([H])C(=O)SC([H])([H])C([H])([H])N=C(O[H])C([H])([H])C([H])([H])N=C(O[H])C([H])(O[H])C(C([H])([H])[H])(C([H])([H])[H])C([H])([H])OP(=O)(O[H])OP(=O)(O[H])OC([H])([H])C1([H])OC([H])(n2c([H])nc3c(N([H])[H])nc([H])nc32)C([H])(O[H])C1([H])OP(=O)(O[H])O[H]",
        "inSink" : 1,
        "isSource" : 0,
        "InChI" : "InChI=1S/C24H38N7O19P3S/c1-24(2,19(37)22(38)27-4-3-13(32)26-5-6-54-15(35)7-14(33)34)9-47-53(44,45)50-52(42,43)46-8-12-18(49-51(39,40)41)17(36)23(48-12)31-11-30-16-20(25)28-10-29-21(16)31/h10-12,17-19,23,36-37H,3-9H2,1-2H3,(H,26,32)(H,27,38)(H,33,34)(H,42,43)(H,44,45)(H2,25,28,29)(H2,39,40,41)",
        "Names" : [ "MNXM40" ],
        "id" : "LTYOQGRJFJAKNA-UHFFFAOYSA-N",
        "type" : "compound",
        "Rule ID" : null,
        "EC number" : null,
        "Reaction SMILES" : null,
        "Diameter" : null,
        "Score" : null,
        "Iteration" : null
      }
    }, {
      "data" : {
        "SMILES" : "[H]OC(=O)C([H])=C([H])c1c([H])c([H])c(O[H])c([H])c1[H]",
        "inSink" : 0,
        "isSource" : 0,
        "InChI" : "InChI=1S/C9H8O3/c10-8-4-1-7(2-5-8)3-6-9(11)12/h1-6,10H,(H,11,12)",
        "Names" : [ "None" ],
        "id" : "NGSWKAQJJWESNS-ZZXKWVIFSA-N",
        "type" : "compound",
        "Rule ID" : null,
        "EC number" : null,
        "Reaction SMILES" : null,
        "Diameter" : null,
        "Score" : null,
        "Iteration" : null
      }
    }, {
      "data" : {
        "SMILES" : "[H]OC(=O)C([H])=C([H])c1c([H])c([H])c([H])c([H])c1[H]",
        "inSink" : 0,
        "isSource" : 0,
        "InChI" : "InChI=1S/C9H8O2/c10-9(11)7-6-8-4-2-1-3-5-8/h1-7H,(H,10,11)",
        "Names" : [ "None" ],
        "id" : "WBYWAXJHAXSJNI-VOTSOKGWSA-N",
        "type" : "compound",
        "Rule ID" : null,
        "EC number" : null,
        "Reaction SMILES" : null,
        "Diameter" : null,
        "Score" : null,
        "Iteration" : null
      }
    }, {
      "data" : {
        "SMILES" : "[H]Oc1c([H])c(O[H])c(C(=O)C([H])=C([H])c2c([H])c([H])c([H])c([H])c2[H])c(O[H])c1[H]",
        "inSink" : 0,
        "isSource" : 0,
        "InChI" : "InChI=1S/C15H12O4/c16-11-8-13(18)15(14(19)9-11)12(17)7-6-10-4-2-1-3-5-10/h1-9,16,18-19H",
        "Names" : [ "None" ],
        "id" : "LOYXTWZXLWHMBX-VOTSOKGWSA-N",
        "type" : "compound",
        "Rule ID" : null,
        "EC number" : null,
        "Reaction SMILES" : null,
        "Diameter" : null,
        "Score" : null,
        "Iteration" : null
      }
    }, {
      "data" : {
        "SMILES" : "[H]Oc1c([H])c([H])c(C([H])=C([H])C(=O)c2c(O[H])c([H])c(O[H])c([H])c2O[H])c([H])c1[H]",
        "inSink" : 0,
        "isSource" : 0,
        "InChI" : "InChI=1S/C15H12O5/c16-10-4-1-9(2-5-10)3-6-12(18)15-13(19)7-11(17)8-14(15)20/h1-8,16-17,19-20H",
        "Names" : [ "None" ],
        "id" : "YQHMWTPYORBCMF-ZZXKWVIFSA-N",
        "type" : "compound",
        "Rule ID" : null,
        "EC number" : null,
        "Reaction SMILES" : null,
        "Diameter" : null,
        "Score" : null,
        "Iteration" : null
      }
    }, {
      "data" : {
        "SMILES" : "[H]Oc1c([H])c([H])c(C2([H])Oc3c([H])c(O[H])c([H])c(O[H])c3C(=O)C2([H])[H])c([H])c1[H]",
        "inSink" : 0,
        "isSource" : 1,
        "InChI" : "InChI=1S/C15H12O5/c16-9-3-1-8(2-4-9)13-7-12(19)15-11(18)5-10(17)6-14(15)20-13/h1-6,13,16-18H,7H2",
        "Names" : [ "naringenin" ],
        "id" : "FTVWIRXFELQLPI-UHFFFAOYSA-N",
        "type" : "compound",
        "Rule ID" : null,
        "EC number" : null,
        "Reaction SMILES" : null,
        "Diameter" : null,
        "Score" : null,
        "Iteration" : null
      }
    }, {
      "data" : {
        "SMILES" : null,
        "inSink" : null,
        "isSource" : null,
        "InChI" : null,
        "Names" : null,
        "id" : "TRS_0_0_0",
        "type" : "reaction",
        "Rule ID" : [ "MNXR84948_MNXM556" ],
        "EC number" : [ "5.5.1.6" ],
        "Reaction SMILES" : "[H]Oc1c([H])c([H])c(C2([H])Oc3c([H])c(O[H])c([H])c(O[H])c3C(=O)C2([H])[H])c([H])c1[H]>>[H]Oc1c([H])c([H])c(C([H])=C([H])C(=O)c2c(O[H])c([H])c(O[H])c([H])c2O[H])c([H])c1[H]",
        "Diameter" : 12,
        "Score" : 0.0,
        "Iteration" : 0
      }
    }, {
      "data" : {
        "SMILES" : null,
        "inSink" : null,
        "isSource" : null,
        "InChI" : null,
        "Names" : null,
        "id" : "TRS_0_1_0",
        "type" : "reaction",
        "Rule ID" : [ "MNXR7111_MNXM505" ],
        "EC number" : [ "1.14.13.11" ],
        "Reaction SMILES" : "[H]Oc1c([H])c([H])c(C([H])=C([H])C(=O)c2c(O[H])c([H])c(O[H])c([H])c2O[H])c([H])c1[H]>>O=O.[H]N=C(O[H])C1=C([H])N(C2([H])OC([H])(C([H])([H])OP(=O)(O[H])OP(=O)(O[H])OC([H])([H])C3([H])OC([H])(n4c([H])nc5c(N([H])[H])nc([H])nc54)C([H])(OP(=O)(O[H])O[H])C3([H])O[H])C([H])(O[H])C2([H])O[H])C([H])=C([H])C1([H])[H].[H]Oc1c([H])c(O[H])c(C(=O)C([H])=C([H])c2c([H])c([H])c([H])c([H])c2[H])c(O[H])c1[H]",
        "Diameter" : 12,
        "Score" : 0.0,
        "Iteration" : 1
      }
    }, {
      "data" : {
        "SMILES" : null,
        "inSink" : null,
        "isSource" : null,
        "InChI" : null,
        "Names" : null,
        "id" : "TRS_0_1_1",
        "type" : "reaction",
        "Rule ID" : [ "MNXR18415_MNXM264" ],
        "EC number" : [ "1.14.13.11" ],
        "Reaction SMILES" : "[H]Oc1c([H])c([H])c(C([H])=C([H])C(=O)c2c(O[H])c([H])c(O[H])c([H])c2O[H])c([H])c1[H]>>O=O.[H]Oc1c([H])c(O[H])c(C(=O)C([H])=C([H])c2c([H])c([H])c([H])c([H])c2[H])c(O[H])c1[H]",
        "Diameter" : 12,
        "Score" : 0.0,
        "Iteration" : 1
      }
    }, {
      "data" : {
        "SMILES" : null,
        "inSink" : null,
        "isSource" : null,
        "InChI" : null,
        "Names" : null,
        "id" : "TRS_0_1_2",
        "type" : "reaction",
        "Rule ID" : [ "MNXR17733_MNXM5901", "MNXR84871_MNXM1208" ],
        "EC number" : [ "2.3.1.74" ],
        "Reaction SMILES" : "[H]Oc1c([H])c([H])c(C([H])=C([H])C(=O)c2c(O[H])c([H])c(O[H])c([H])c2O[H])c([H])c1[H]>>[H]OC(=NC([H])([H])C([H])([H])SC(=O)C([H])=C([H])c1c([H])c([H])c(O[H])c([H])c1[H])C([H])([H])C([H])([H])N=C(O[H])C([H])(O[H])C(C([H])([H])[H])(C([H])([H])[H])C([H])([H])OP(=O)(O[H])OP(=O)(O[H])OC([H])([H])C1([H])OC([H])(n2c([H])nc3c(N([H])[H])nc([H])nc32)C([H])(O[H])C1([H])OP(=O)(O[H])O[H].[H]OC(=O)C([H])([H])C(=O)SC([H])([H])C([H])([H])N=C(O[H])C([H])([H])C([H])([H])N=C(O[H])C([H])(O[H])C(C([H])([H])[H])(C([H])([H])[H])C([H])([H])OP(=O)(O[H])OP(=O)(O[H])OC([H])([H])C1([H])OC([H])(n2c([H])nc3c(N([H])[H])nc([H])nc32)C([H])(O[H])C1([H])OP(=O)(O[H])O[H]",
        "Diameter" : 12,
        "Score" : 1.0791812460476249,
        "Iteration" : 1
      }
    }, {
      "data" : {
        "SMILES" : null,
        "inSink" : null,
        "isSource" : null,
        "InChI" : null,
        "Names" : null,
        "id" : "TRS_0_2_0",
        "type" : "reaction",
        "Rule ID" : [ "MNXR7111_MNXM505" ],
        "EC number" : [ "1.14.13.11" ],
        "Reaction SMILES" : "[H]OC(=NC([H])([H])C([H])([H])SC(=O)C([H])=C([H])c1c([H])c([H])c(O[H])c([H])c1[H])C([H])([H])C([H])([H])N=C(O[H])C([H])(O[H])C(C([H])([H])[H])(C([H])([H])[H])C([H])([H])OP(=O)(O[H])OP(=O)(O[H])OC([H])([H])C1([H])OC([H])(n2c([H])nc3c(N([H])[H])nc([H])nc32)C([H])(O[H])C1([H])OP(=O)(O[H])O[H]>>O=O.[H]N=C(O[H])C1=C([H])N(C2([H])OC([H])(C([H])([H])OP(=O)(O[H])OP(=O)(O[H])OC([H])([H])C3([H])OC([H])(n4c([H])nc5c(N([H])[H])nc([H])nc54)C([H])(OP(=O)(O[H])O[H])C3([H])O[H])C([H])(O[H])C2([H])O[H])C([H])=C([H])C1([H])[H].[H]OC(=NC([H])([H])C([H])([H])SC(=O)C([H])=C([H])c1c([H])c([H])c([H])c([H])c1[H])C([H])([H])C([H])([H])N=C(O[H])C([H])(O[H])C(C([H])([H])[H])(C([H])([H])[H])C([H])([H])OP(=O)(O[H])OP(=O)(O[H])OC([H])([H])C1([H])OC([H])(n2c([H])nc3c(N([H])[H])nc([H])nc32)C([H])(O[H])C1([H])OP(=O)(O[H])O[H]",
        "Diameter" : 12,
        "Score" : 0.0,
        "Iteration" : 2
      }
    }, {
      "data" : {
        "SMILES" : null,
        "inSink" : null,
        "isSource" : null,
        "InChI" : null,
        "Names" : null,
        "id" : "TRS_0_2_1",
        "type" : "reaction",
        "Rule ID" : [ "MNXR18415_MNXM264" ],
        "EC number" : [ "1.14.13.11" ],
        "Reaction SMILES" : "[H]OC(=NC([H])([H])C([H])([H])SC(=O)C([H])=C([H])c1c([H])c([H])c(O[H])c([H])c1[H])C([H])([H])C([H])([H])N=C(O[H])C([H])(O[H])C(C([H])([H])[H])(C([H])([H])[H])C([H])([H])OP(=O)(O[H])OP(=O)(O[H])OC([H])([H])C1([H])OC([H])(n2c([H])nc3c(N([H])[H])nc([H])nc32)C([H])(O[H])C1([H])OP(=O)(O[H])O[H]>>O=O.[H]OC(=NC([H])([H])C([H])([H])SC(=O)C([H])=C([H])c1c([H])c([H])c([H])c([H])c1[H])C([H])([H])C([H])([H])N=C(O[H])C([H])(O[H])C(C([H])([H])[H])(C([H])([H])[H])C([H])([H])OP(=O)(O[H])OP(=O)(O[H])OC([H])([H])C1([H])OC([H])(n2c([H])nc3c(N([H])[H])nc([H])nc32)C([H])(O[H])C1([H])OP(=O)(O[H])O[H]",
        "Diameter" : 12,
        "Score" : 0.0,
        "Iteration" : 2
      }
    }, {
      "data" : {
        "SMILES" : null,
        "inSink" : null,
        "isSource" : null,
        "InChI" : null,
        "Names" : null,
        "id" : "TRS_0_2_2",
        "type" : "reaction",
        "Rule ID" : [ "MNXR15003_MNXM987", "MNXR227_MNXM264" ],
        "EC number" : [ "6.2.1.12" ],
        "Reaction SMILES" : "[H]OC(=NC([H])([H])C([H])([H])SC(=O)C([H])=C([H])c1c([H])c([H])c(O[H])c([H])c1[H])C([H])([H])C([H])([H])N=C(O[H])C([H])(O[H])C(C([H])([H])[H])(C([H])([H])[H])C([H])([H])OP(=O)(O[H])OP(=O)(O[H])OC([H])([H])C1([H])OC([H])(n2c([H])nc3c(N([H])[H])nc([H])nc32)C([H])(O[H])C1([H])OP(=O)(O[H])O[H]>>[H]OC(=NC([H])([H])C([H])([H])S[H])C([H])([H])C([H])([H])N=C(O[H])C([H])(O[H])C(C([H])([H])[H])(C([H])([H])[H])C([H])([H])OP(=O)(O[H])OP(=O)(O[H])OC([H])([H])C1([H])OC([H])(n2c([H])nc3c(N([H])[H])nc([H])nc32)C([H])(O[H])C1([H])OP(=O)(O[H])O[H].[H]OC(=O)C([H])=C([H])c1c([H])c([H])c(O[H])c([H])c1[H]",
        "Diameter" : 12,
        "Score" : 1.255272505103306,
        "Iteration" : 2
      }
    }, {
      "data" : {
        "SMILES" : null,
        "inSink" : null,
        "isSource" : null,
        "InChI" : null,
        "Names" : null,
        "id" : "TRS_0_2_3",
        "type" : "reaction",
        "Rule ID" : [ "MNXR17733_MNXM5901", "MNXR84871_MNXM1208" ],
        "EC number" : [ "2.3.1.74" ],
        "Reaction SMILES" : "[H]Oc1c([H])c(O[H])c(C(=O)C([H])=C([H])c2c([H])c([H])c([H])c([H])c2[H])c(O[H])c1[H]>>[H]OC(=NC([H])([H])C([H])([H])SC(=O)C([H])=C([H])c1c([H])c([H])c([H])c([H])c1[H])C([H])([H])C([H])([H])N=C(O[H])C([H])(O[H])C(C([H])([H])[H])(C([H])([H])[H])C([H])([H])OP(=O)(O[H])OP(=O)(O[H])OC([H])([H])C1([H])OC([H])(n2c([H])nc3c(N([H])[H])nc([H])nc32)C([H])(O[H])C1([H])OP(=O)(O[H])O[H].[H]OC(=O)C([H])([H])C(=O)SC([H])([H])C([H])([H])N=C(O[H])C([H])([H])C([H])([H])N=C(O[H])C([H])(O[H])C(C([H])([H])[H])(C([H])([H])[H])C([H])([H])OP(=O)(O[H])OP(=O)(O[H])OC([H])([H])C1([H])OC([H])(n2c([H])nc3c(N([H])[H])nc([H])nc32)C([H])(O[H])C1([H])OP(=O)(O[H])O[H]",
        "Diameter" : 12,
        "Score" : 1.0791812460476249,
        "Iteration" : 2
      }
    }, {
      "data" : {
        "SMILES" : null,
        "inSink" : null,
        "isSource" : null,
        "InChI" : null,
        "Names" : null,
        "id" : "TRS_0_3_0",
        "type" : "reaction",
        "Rule ID" : [ "MNXR15003_MNXM987", "MNXR227_MNXM264" ],
        "EC number" : [ "6.2.1.12" ],
        "Reaction SMILES" : "[H]OC(=NC([H])([H])C([H])([H])SC(=O)C([H])=C([H])c1c([H])c([H])c([H])c([H])c1[H])C([H])([H])C([H])([H])N=C(O[H])C([H])(O[H])C(C([H])([H])[H])(C([H])([H])[H])C([H])([H])OP(=O)(O[H])OP(=O)(O[H])OC([H])([H])C1([H])OC([H])(n2c([H])nc3c(N([H])[H])nc([H])nc32)C([H])(O[H])C1([H])OP(=O)(O[H])O[H]>>[H]OC(=NC([H])([H])C([H])([H])S[H])C([H])([H])C([H])([H])N=C(O[H])C([H])(O[H])C(C([H])([H])[H])(C([H])([H])[H])C([H])([H])OP(=O)(O[H])OP(=O)(O[H])OC([H])([H])C1([H])OC([H])(n2c([H])nc3c(N([H])[H])nc([H])nc32)C([H])(O[H])C1([H])OP(=O)(O[H])O[H].[H]OC(=O)C([H])=C([H])c1c([H])c([H])c([H])c([H])c1[H]",
        "Diameter" : 12,
        "Score" : 1.255272505103306,
        "Iteration" : 3
      }
    }, {
      "data" : {
        "SMILES" : null,
        "inSink" : null,
        "isSource" : null,
        "InChI" : null,
        "Names" : null,
        "id" : "TRS_0_3_1",
        "type" : "reaction",
        "Rule ID" : [ "MNXR7111_MNXM505" ],
        "EC number" : [ "1.14.13.11" ],
        "Reaction SMILES" : "[H]OC(=O)C([H])=C([H])c1c([H])c([H])c(O[H])c([H])c1[H]>>O=O.[H]N=C(O[H])C1=C([H])N(C2([H])OC([H])(C([H])([H])OP(=O)(O[H])OP(=O)(O[H])OC([H])([H])C3([H])OC([H])(n4c([H])nc5c(N([H])[H])nc([H])nc54)C([H])(OP(=O)(O[H])O[H])C3([H])O[H])C([H])(O[H])C2([H])O[H])C([H])=C([H])C1([H])[H].[H]OC(=O)C([H])=C([H])c1c([H])c([H])c([H])c([H])c1[H]",
        "Diameter" : 12,
        "Score" : 0.0,
        "Iteration" : 3
      }
    }, {
      "data" : {
        "SMILES" : null,
        "inSink" : null,
        "isSource" : null,
        "InChI" : null,
        "Names" : null,
        "id" : "TRS_0_3_2",
        "type" : "reaction",
        "Rule ID" : [ "MNXR18415_MNXM264" ],
        "EC number" : [ "1.14.13.11" ],
        "Reaction SMILES" : "[H]OC(=O)C([H])=C([H])c1c([H])c([H])c(O[H])c([H])c1[H]>>O=O.[H]OC(=O)C([H])=C([H])c1c([H])c([H])c([H])c([H])c1[H]",
        "Diameter" : 12,
        "Score" : 0.0,
        "Iteration" : 3
      }
    }, {
      "data" : {
        "SMILES" : null,
        "inSink" : null,
        "isSource" : null,
        "InChI" : null,
        "Names" : null,
        "id" : "TRS_0_3_3",
        "type" : "reaction",
        "Rule ID" : [ "MNXR8874_MNXM505", "MNXR93685_MNXM505" ],
        "EC number" : [ "4.3.1.25", "4.3.1.5" ],
        "Reaction SMILES" : "[H]OC(=O)C([H])=C([H])c1c([H])c([H])c(O[H])c([H])c1[H]>>[H]OC(=O)C([H])(N([H])[H])C([H])([H])c1c([H])c([H])c(O[H])c([H])c1[H]",
        "Diameter" : 12,
        "Score" : 0.9030899869919435,
        "Iteration" : 3
      }
    }, {
      "data" : {
        "SMILES" : null,
        "inSink" : null,
        "isSource" : null,
        "InChI" : null,
        "Names" : null,
        "id" : "TRS_0_4_0",
        "type" : "reaction",
        "Rule ID" : [ "MNXR7145_MNXM438", "MNXR93681_MNXM438" ],
        "EC number" : [ "4.3.1.25", "4.3.1.5" ],
        "Reaction SMILES" : "[H]OC(=O)C([H])=C([H])c1c([H])c([H])c([H])c([H])c1[H]>>[H]OC(=O)C([H])(N([H])[H])C([H])([H])c1c([H])c([H])c([H])c([H])c1[H]",
        "Diameter" : 12,
        "Score" : 1.0,
        "Iteration" : 4
      }
    } ],
    "edges" : [ {
      "data" : {
        "target" : "ACFIXJIJDZMPPO-UHFFFAOYSA-N",
        "source" : "TRS_0_1_0",
        "id" : "ACFIXJIJDZMPPO-UHFFFAOYSA-N_=>_TRS_0_1_0"
      }
    }, {
      "data" : {
        "target" : "ACFIXJIJDZMPPO-UHFFFAOYSA-N",
        "source" : "TRS_0_2_0",
        "id" : "ACFIXJIJDZMPPO-UHFFFAOYSA-N_=>_TRS_0_2_0"
      }
    }, {
      "data" : {
        "target" : "ACFIXJIJDZMPPO-UHFFFAOYSA-N",
        "source" : "TRS_0_3_1",
        "id" : "ACFIXJIJDZMPPO-UHFFFAOYSA-N_=>_TRS_0_3_1"
      }
    }, {
      "data" : {
        "target" : "COLNVLDHVKWLRT-UHFFFAOYSA-N",
        "source" : "TRS_0_4_0",
        "id" : "COLNVLDHVKWLRT-UHFFFAOYSA-N_=>_TRS_0_4_0"
      }
    }, {
      "data" : {
        "target" : "DMZOKBALNZWDKI-VMPITWQZSA-N",
        "source" : "TRS_0_1_2",
        "id" : "DMZOKBALNZWDKI-VMPITWQZSA-N_=>_TRS_0_1_2"
      }
    }, {
      "data" : {
        "target" : "JVNVHNHITFVWIX-CMDGGOBGSA-N",
        "source" : "TRS_0_2_0",
        "id" : "JVNVHNHITFVWIX-CMDGGOBGSA-N_=>_TRS_0_2_0"
      }
    }, {
      "data" : {
        "target" : "JVNVHNHITFVWIX-CMDGGOBGSA-N",
        "source" : "TRS_0_2_1",
        "id" : "JVNVHNHITFVWIX-CMDGGOBGSA-N_=>_TRS_0_2_1"
      }
    }, {
      "data" : {
        "target" : "JVNVHNHITFVWIX-CMDGGOBGSA-N",
        "source" : "TRS_0_2_3",
        "id" : "JVNVHNHITFVWIX-CMDGGOBGSA-N_=>_TRS_0_2_3"
      }
    }, {
      "data" : {
        "target" : "LOYXTWZXLWHMBX-VOTSOKGWSA-N",
        "source" : "TRS_0_1_0",
        "id" : "LOYXTWZXLWHMBX-VOTSOKGWSA-N_=>_TRS_0_1_0"
      }
    }, {
      "data" : {
        "target" : "LOYXTWZXLWHMBX-VOTSOKGWSA-N",
        "source" : "TRS_0_1_1",
        "id" : "LOYXTWZXLWHMBX-VOTSOKGWSA-N_=>_TRS_0_1_1"
      }
    }, {
      "data" : {
        "target" : "LTYOQGRJFJAKNA-UHFFFAOYSA-N",
        "source" : "TRS_0_1_2",
        "id" : "LTYOQGRJFJAKNA-UHFFFAOYSA-N_=>_TRS_0_1_2"
      }
    }, {
      "data" : {
        "target" : "LTYOQGRJFJAKNA-UHFFFAOYSA-N",
        "source" : "TRS_0_2_3",
        "id" : "LTYOQGRJFJAKNA-UHFFFAOYSA-N_=>_TRS_0_2_3"
      }
    }, {
      "data" : {
        "target" : "MYMOFIZGZYHOMD-UHFFFAOYSA-N",
        "source" : "TRS_0_1_0",
        "id" : "MYMOFIZGZYHOMD-UHFFFAOYSA-N_=>_TRS_0_1_0"
      }
    }, {
      "data" : {
        "target" : "MYMOFIZGZYHOMD-UHFFFAOYSA-N",
        "source" : "TRS_0_1_1",
        "id" : "MYMOFIZGZYHOMD-UHFFFAOYSA-N_=>_TRS_0_1_1"
      }
    }, {
      "data" : {
        "target" : "MYMOFIZGZYHOMD-UHFFFAOYSA-N",
        "source" : "TRS_0_2_0",
        "id" : "MYMOFIZGZYHOMD-UHFFFAOYSA-N_=>_TRS_0_2_0"
      }
    }, {
      "data" : {
        "target" : "MYMOFIZGZYHOMD-UHFFFAOYSA-N",
        "source" : "TRS_0_2_1",
        "id" : "MYMOFIZGZYHOMD-UHFFFAOYSA-N_=>_TRS_0_2_1"
      }
    }, {
      "data" : {
        "target" : "MYMOFIZGZYHOMD-UHFFFAOYSA-N",
        "source" : "TRS_0_3_1",
        "id" : "MYMOFIZGZYHOMD-UHFFFAOYSA-N_=>_TRS_0_3_1"
      }
    }, {
      "data" : {
        "target" : "MYMOFIZGZYHOMD-UHFFFAOYSA-N",
        "source" : "TRS_0_3_2",
        "id" : "MYMOFIZGZYHOMD-UHFFFAOYSA-N_=>_TRS_0_3_2"
      }
    }, {
      "data" : {
        "target" : "NGSWKAQJJWESNS-ZZXKWVIFSA-N",
        "source" : "TRS_0_2_2",
        "id" : "NGSWKAQJJWESNS-ZZXKWVIFSA-N_=>_TRS_0_2_2"
      }
    }, {
      "data" : {
        "target" : "OUYCCCASQSFEME-UHFFFAOYSA-N",
        "source" : "TRS_0_3_3",
        "id" : "OUYCCCASQSFEME-UHFFFAOYSA-N_=>_TRS_0_3_3"
      }
    }, {
      "data" : {
        "target" : "RGJOEKWQDUBAIZ-UHFFFAOYSA-N",
        "source" : "TRS_0_2_2",
        "id" : "RGJOEKWQDUBAIZ-UHFFFAOYSA-N_=>_TRS_0_2_2"
      }
    }, {
      "data" : {
        "target" : "RGJOEKWQDUBAIZ-UHFFFAOYSA-N",
        "source" : "TRS_0_3_0",
        "id" : "RGJOEKWQDUBAIZ-UHFFFAOYSA-N_=>_TRS_0_3_0"
      }
    }, {
      "data" : {
        "target" : "TRS_0_0_0",
        "source" : "FTVWIRXFELQLPI-UHFFFAOYSA-N",
        "id" : "TRS_0_0_0_=>_FTVWIRXFELQLPI-UHFFFAOYSA-N"
      }
    }, {
      "data" : {
        "target" : "TRS_0_1_0",
        "source" : "YQHMWTPYORBCMF-ZZXKWVIFSA-N",
        "id" : "TRS_0_1_0_=>_YQHMWTPYORBCMF-ZZXKWVIFSA-N"
      }
    }, {
      "data" : {
        "target" : "TRS_0_1_1",
        "source" : "YQHMWTPYORBCMF-ZZXKWVIFSA-N",
        "id" : "TRS_0_1_1_=>_YQHMWTPYORBCMF-ZZXKWVIFSA-N"
      }
    }, {
      "data" : {
        "target" : "TRS_0_1_2",
        "source" : "YQHMWTPYORBCMF-ZZXKWVIFSA-N",
        "id" : "TRS_0_1_2_=>_YQHMWTPYORBCMF-ZZXKWVIFSA-N"
      }
    }, {
      "data" : {
        "target" : "TRS_0_2_0",
        "source" : "DMZOKBALNZWDKI-VMPITWQZSA-N",
        "id" : "TRS_0_2_0_=>_DMZOKBALNZWDKI-VMPITWQZSA-N"
      }
    }, {
      "data" : {
        "target" : "TRS_0_2_1",
        "source" : "DMZOKBALNZWDKI-VMPITWQZSA-N",
        "id" : "TRS_0_2_1_=>_DMZOKBALNZWDKI-VMPITWQZSA-N"
      }
    }, {
      "data" : {
        "target" : "TRS_0_2_2",
        "source" : "DMZOKBALNZWDKI-VMPITWQZSA-N",
        "id" : "TRS_0_2_2_=>_DMZOKBALNZWDKI-VMPITWQZSA-N"
      }
    }, {
      "data" : {
        "target" : "TRS_0_2_3",
        "source" : "LOYXTWZXLWHMBX-VOTSOKGWSA-N",
        "id" : "TRS_0_2_3_=>_LOYXTWZXLWHMBX-VOTSOKGWSA-N"
      }
    }, {
      "data" : {
        "target" : "TRS_0_3_0",
        "source" : "JVNVHNHITFVWIX-CMDGGOBGSA-N",
        "id" : "TRS_0_3_0_=>_JVNVHNHITFVWIX-CMDGGOBGSA-N"
      }
    }, {
      "data" : {
        "target" : "TRS_0_3_1",
        "source" : "NGSWKAQJJWESNS-ZZXKWVIFSA-N",
        "id" : "TRS_0_3_1_=>_NGSWKAQJJWESNS-ZZXKWVIFSA-N"
      }
    }, {
      "data" : {
        "target" : "TRS_0_3_2",
        "source" : "NGSWKAQJJWESNS-ZZXKWVIFSA-N",
        "id" : "TRS_0_3_2_=>_NGSWKAQJJWESNS-ZZXKWVIFSA-N"
      }
    }, {
      "data" : {
        "target" : "TRS_0_3_3",
        "source" : "NGSWKAQJJWESNS-ZZXKWVIFSA-N",
        "id" : "TRS_0_3_3_=>_NGSWKAQJJWESNS-ZZXKWVIFSA-N"
      }
    }, {
      "data" : {
        "target" : "TRS_0_4_0",
        "source" : "WBYWAXJHAXSJNI-VOTSOKGWSA-N",
        "id" : "TRS_0_4_0_=>_WBYWAXJHAXSJNI-VOTSOKGWSA-N"
      }
    }, {
      "data" : {
        "target" : "WBYWAXJHAXSJNI-VOTSOKGWSA-N",
        "source" : "TRS_0_3_0",
        "id" : "WBYWAXJHAXSJNI-VOTSOKGWSA-N_=>_TRS_0_3_0"
      }
    }, {
      "data" : {
        "target" : "WBYWAXJHAXSJNI-VOTSOKGWSA-N",
        "source" : "TRS_0_3_1",
        "id" : "WBYWAXJHAXSJNI-VOTSOKGWSA-N_=>_TRS_0_3_1"
      }
    }, {
      "data" : {
        "target" : "WBYWAXJHAXSJNI-VOTSOKGWSA-N",
        "source" : "TRS_0_3_2",
        "id" : "WBYWAXJHAXSJNI-VOTSOKGWSA-N_=>_TRS_0_3_2"
      }
    }, {
      "data" : {
        "target" : "YQHMWTPYORBCMF-ZZXKWVIFSA-N",
        "source" : "TRS_0_0_0",
        "id" : "YQHMWTPYORBCMF-ZZXKWVIFSA-N_=>_TRS_0_0_0"
      }
    } ]
  }
}