<?xml version="1.0" encoding="UTF-8"?>
<config xmlns="http://www.knime.org/2008/09/XMLConfig" xmlns:xsi="http://www.w3.org/2001/XMLSchema-instance" xsi:schemaLocation="http://www.knime.org/2008/09/XMLConfig http://www.knime.org/XMLConfig_2008_09.xsd" key="settings.xml">
<entry key="name" type="xstring" value="Tags to String"/>
<config key="model">
<config key="TagTypes_Internals">
<entry key="SettingsModelID" type="xstring" value="SMID_stringarray"/>
<entry key="EnabledStatus" type="xboolean" value="true"/>
</config>
<config key="TagTypes">
<entry key="array-size" type="xint" value="2"/>
<entry key="0" type="xstring" value="ABNER"/>
<entry key="1" type="xstring" value="OSCAR"/>
</config>
<config key="TermColumn_Internals">
<entry key="SettingsModelID" type="xstring" value="SMID_string"/>
<entry key="EnabledStatus" type="xboolean" value="true"/>
</config>
<entry key="TermColumn" type="xstring" value="Term"/>
<config key="MissingString_Internals">
<entry key="SettingsModelID" type="xstring" value="SMID_string"/>
<entry key="EnabledStatus" type="xboolean" value="true"/>
</config>
<entry key="MissingString" type="xstring" value="NoTag"/>
</config>
<entry key="hasContent" type="xboolean" value="false"/>
<entry key="isInactive" type="xboolean" value="false"/>
<config key="ports">
<config key="port_1">
<entry key="index" type="xint" value="1"/>
<entry key="port_dir_location" type="xstring" isnull="true" value=""/>
</config>
</config>
<config key="filestores">
<entry key="file_store_location" type="xstring" isnull="true" value=""/>
<entry key="file_store_id" type="xstring" isnull="true" value=""/>
</config>
</config>
