<?xml version="1.0" encoding="UTF-8"?>
<config xmlns="http://www.knime.org/2008/09/XMLConfig" xmlns:xsi="http://www.w3.org/2001/XMLSchema-instance" xsi:schemaLocation="http://www.knime.org/2008/09/XMLConfig http://www.knime.org/XMLConfig_2008_09.xsd" key="settings.xml">
<entry key="name" type="xstring" value="R View (Local)"/>
<config key="model">
<config key="R_binary_file_Internals">
<entry key="SettingsModelID" type="xstring" value="SMID_string"/>
<entry key="EnabledStatus" type="xboolean" value="false"/>
</config>
<entry key="R_binary_file" type="xstring" value="/usr/bin/R"/>
<config key="R_use_specified_file_Internals">
<entry key="SettingsModelID" type="xstring" value="SMID_boolean"/>
<entry key="EnabledStatus" type="xboolean" value="true"/>
</config>
<entry key="R_use_specified_file" type="xboolean" value="false"/>
<config key="R-arguments_Internals">
<entry key="SettingsModelID" type="xstring" value="SMID_string"/>
<entry key="EnabledStatus" type="xboolean" value="true"/>
</config>
<entry key="R-arguments" type="xstring" value="--vanilla"/>
<config key="R-png-height_Internals">
<entry key="SettingsModelID" type="xstring" value="SMID_integer"/>
<entry key="EnabledStatus" type="xboolean" value="true"/>
</config>
<entry key="R-png-height" type="xint" value="640"/>
<config key="R-png-width_Internals">
<entry key="SettingsModelID" type="xstring" value="SMID_integer"/>
<entry key="EnabledStatus" type="xboolean" value="true"/>
</config>
<entry key="R-png-width" type="xint" value="640"/>
<config key="R-png-resolution_Internals">
<entry key="SettingsModelID" type="xstring" value="SMID_string"/>
<entry key="EnabledStatus" type="xboolean" value="true"/>
</config>
<entry key="R-png-resolution" type="xstring" value="NA"/>
<config key="R-png-pointSize_Internals">
<entry key="SettingsModelID" type="xstring" value="SMID_integer"/>
<entry key="EnabledStatus" type="xboolean" value="true"/>
</config>
<entry key="R-png-pointSize" type="xint" value="12"/>
<config key="R-bg-col_Internals">
<entry key="SettingsModelID" type="xstring" value="SMID_string"/>
<entry key="EnabledStatus" type="xboolean" value="true"/>
</config>
<entry key="R-bg-col" type="xstring" value="#FFFFFF"/>
<entry key="EXPRESSION" type="xstring" value="# data(iris)%%00010# R &lt;- iris%%00010# plot(R[1:2])%%00010%%00010%%00010pdf( &quot;/Users/ldpf/tmp/mygraph03.pdf&quot;, width = 30, height = 16)%%00010#split.screen(c(2,1))%%00010#screen(1)%%00010hist(R$&quot;Shift.mean.&quot;, breaks=400, col=&quot;blue&quot;, border = &quot;blue&quot;, xlim = c(220,0), main = &quot;&quot;,  cex.lab=2, xlab=&quot;&quot;, ylab=&quot;&quot;, xaxp = c(220, 0, 10), cex.axis = 2.5)%%00010#axis(2, pos=0, at=c(0:2), labels= c(0:2), col.axis=&quot;blue&quot;, las=2)%%00010#mtext(&quot;Frequency&quot;, side=4, line=3, cex.lab=1,las=1, col=&quot;blue&quot;)%%00010#axis(side = 4, at= 1, labels = &quot;Frequency&quot;)%%00010#axis(side = 1, at =1,  labels = &quot;shift (ppm)&quot;)%%00010#screen(2) %%00010#hist(R$&quot;Shift.exp&quot;, breaks=400, col=&quot;red&quot;, border = &quot;red&quot;, xlim = c(150,0), main = &quot;&quot;,  cex.lab=2, xlab=&quot;&quot;, ylab=&quot;&quot;, xaxp = c(150, 0, 10), cex.axis = 2.5)%%00010#legend(&quot;top&quot;, c(&quot;Experimental&quot;,&quot;Prediction&quot;), cex=4, bty=&quot;n&quot;, fill=c(&quot;red&quot;, &quot;blue&quot;));%%00010dev.off();%%00010## give a plot to the node to make him happy%%00010hist(R$&quot;Shift.mean.&quot;, breaks=400, col=&quot;blue&quot;, border = &quot;blue&quot;, xlim = c(220,-1), main = &quot;Predicted and Experimental NMR spectra for ...&quot;, xlab=&quot;shift (ppm)&quot;, ylab=&quot;Nb. of atoms&quot;)%%00010#axis(side = 4)%%00010#hist(R$&quot;Shift.exp&quot;,breaks=400,col=&quot;red&quot;, border = NA, add=TRUE)"/>
<config key="R_View_Internals">
<entry key="SettingsModelID" type="xstring" value="SMID_string"/>
<entry key="EnabledStatus" type="xboolean" value="true"/>
</config>
<entry key="R_View" type="xstring" value="Generic X-Y Plotting"/>
</config>
<entry key="hasContent" type="xboolean" value="false"/>
<entry key="isInactive" type="xboolean" value="false"/>
<config key="ports">
<config key="port_1">
<entry key="index" type="xint" value="1"/>
<entry key="port_dir_location" type="xstring" isnull="true" value=""/>
</config>
</config>
</config>
