<?xml version="1.0" encoding="UTF-8"?>
<config xmlns="http://www.knime.org/2008/09/XMLConfig" xmlns:xsi="http://www.w3.org/2001/XMLSchema-instance" xsi:schemaLocation="http://www.knime.org/2008/09/XMLConfig http://www.knime.org/XMLConfig_2008_09.xsd" key="table_meta_info">
<entry key="table_ID" type="xint" value="10336"/>
<entry key="table_type" type="xstring" value="joined_table"/>
<config key="table_references">
<entry key="array-size" type="xint" value="2"/>
<entry key="0" type="xstring" value="reference_0"/>
<entry key="1" type="xstring" value="reference_1"/>
</config>
<config key="meta_internal">
<entry key="leftTableID" type="xint" value="10335"/>
<entry key="rightTableID" type="xint" value="10334"/>
</config>
<entry key="table_file_name" type="xstring" isnull="true" value=""/>
</config>
